E' Game Forms	Publications	2
E' flamboyant parties	event	4
E' flamboyant parties	events	4
E'SPA	expert	2
E'SPA	leading aromatherapy experts	2
E'Trareo Warren	first	2
E'Twaun Moore	Games won	2
E'Twaun Moore	college	2
E'Twaun Moore	player	2
E'Twaun Moore	return	2
E'Twaun Moore	returns	2
E'Twaun Moore	senior	2
E'Twaun Moore	seniors	2
E'Twaun Moore	won	2
E'Twaun Moore PUR	first-team selections	2
E'Twaun Moore PUR	selection	2
E'huan	Huo	2
E'huan	Meng Huo	2
E'lyk	Mixing	2
E's are Us	High Street	2
E's favourite	Cook dinner	2
E's favourite	dinner	2
E's flight data recorder	source	4
E's flight data recorder	sources	4
