TB	29-37 Ref	4
TB	AGF	2
TB	AIDS	4
TB	Africa	2
TB	African community	2
TB	Aids	2
TB	Animal disease	2
TB	Award	2
TB	Broths	2
TB	Cardiac Network Head Office	2
TB	Certificate immunisation certificates	4
TB	Conditions	2
TB	Deletes	2
TB	Delivery Man Award	2
TB	Departments	2
TB	Diseases	12
TB	Hard drug use	2
TB	Head Office	2
TB	Health Service	2
TB	Health Services	2
TB	Infection	2
TB	Infectious diseases	2
TB	Location	2
TB	Male Location	2
TB	Nigeria	2
TB	Outstanding Pitchers	2
TB	Philippine Long Distance Telephone	6
TB	Pitchers	2
TB	Priority disease	4
TB	Programs	2
TB	Ref	4
TB	Respiratory care	4
TB	Roland	2
TB	STD	2
TB	Stage III conditions	2
TB	Stage IV conditions	2
TB	Sullivan's address	2
TB	Surprise player	4
TB	Taiwan	6
TB	Tarnobrzeg	2
TB	Telephone	6
TB	Third World diseases	2
TB	Year	2
TB	address	4
TB	address communicable diseases	2
TB	affect drug users	2
TB	affliction	2
TB	afflictions	2
TB	afflictions take	2
TB	ailment	6
TB	ailments	2
TB	airborne diseases	4
TB	airplane	2
TB	airplanes	2
TB	amp	4
TB	analogue synthesizers	2
TB	animal health problems	2
TB	area	2
TB	areas	2
TB	autoimmune disease	2
TB	autoimmune diseases	2
TB	automatic voice-data switch	2
TB	bacteria	6
TB	bacterial infection	4
TB	bacterial infections	2
TB	bacterial protein	2
TB	bacterial proteins	2
TB	bacterium	6
TB	bladder capacity	2
TB	capacity	2
TB	care	4
TB	case	4
TB	cattle	2
TB	cause	2
TB	cause of death	2
TB	certificate	4
TB	challenge	2
TB	challenges	2
TB	charity seals	2
TB	chest disease	2
TB	chronic disease	4
TB	chronic diseases	2
TB	chronic illnesses	2
TB	chronic infection	2
TB	chronic infections in humans	2
TB	classic synthesizers	2
TB	co-infections	2
TB	combat disease	2
TB	combat diseases	2
TB	communicable disease	32
TB	communicable diseases	18
TB	communicable diseases are taking	2
TB	community	2
TB	company news	6
TB	condition	16
TB	conditions	12
TB	constraint	4
TB	contagious disease	2
TB	contagious disease in Taiwan	6
TB	contagious diseases	10
TB	country	2
TB	crisis	2
TB	curable disease	4
TB	dactylitis	2
TB	dangerous diseases	2
TB	deadly disease	8
TB	deadly diseases	6
TB	developing world	4
TB	device	2
TB	devices	2
TB	die	4
TB	dieases	2
TB	disappointing player	4
TB	disease	264
TB	diseases	146
TB	diseases in Africa	2
TB	diseases in cattle	2
TB	disorder	2
TB	drug resistant	2
TB	drug use	2
TB	drug user	2
TB	drum machine	2
TB	drum machines	2
TB	earlier machines	2
TB	early house sound	2
TB	economic importance	2
TB	electronic device	2
TB	electronic instruments	2
TB	emerging health problems	2
TB	emerging threats	2
TB	endemic cases	2
TB	epidemic	14
TB	epidemic diseases in Nigeria	2
TB	epidemics	14
TB	equipment	4
TB	equipped instruments	2
TB	expensive epizootic diseases	2
TB	fatal communicable disease	2
TB	fight diseases	4
TB	fighting tuberculosis	2
TB	fights killer diseases	2
TB	flaw	2
TB	following Bond novels	2
TB	following Departments	2
TB	form	4
TB	freshman	2
TB	gastro-intestinal diseases	2
TB	goal	2
TB	gone wrong	4
TB	gram positive	2
TB	hallowed initials	4
TB	handling complex cases	2
TB	health concerns	2
TB	health condition	2
TB	health conditions	2
TB	health emergency	2
TB	health issue	2
TB	health problem	6
TB	health programs	2
TB	health system flaws	2
TB	human	2
TB	human diseases	10
TB	illness	22
TB	illnesses	10
TB	importance	2
TB	incidence	2
TB	included staples	2
TB	increase in infectious diseases	2
TB	indication	2
TB	indications	2
TB	infection	48
TB	infections	28
TB	infectious dieases	2
TB	infectious disease	76
TB	infectious diseases	46
TB	infectious diseases like kalaazar	2
TB	infectious diseases will	2
TB	infectious killer	2
TB	initial	4
TB	initiative	4
TB	initiatives	2
TB	instrument	6
TB	international health goals	2
TB	intestinal disease	2
TB	issue	2
TB	kalaazar	2
TB	killer	12
TB	killer diseases	12
TB	killers	4
TB	life threatening bacterial infections	2
TB	life threatening diseases	2
TB	life threatening illness	2
TB	life threatening pathogens	2
TB	life-threatening disease	2
TB	life-threatening illnesses	2
TB	living environments where infections	2
TB	low incidence	2
TB	lung disease	2
TB	machine	4
TB	machines	2
TB	macrophage	2
TB	macrophages	2
TB	made infectious disease	2
TB	made lung diseases	2
TB	malaria while diseases	2
TB	manage infectious diseases	2
TB	medical issues	2
TB	multi-partner initiatives	2
TB	mycobacteria	4
TB	mycobacterium	4
TB	myth	2
TB	myths	2
TB	name	2
TB	nappy	2
TB	neglected diseases	2
TB	news	6
TB	nighttime nappies	2
TB	novel	2
TB	on Education Programs	2
TB	on communicable diseases	2
TB	on electronic devices	2
TB	on infectious diseases	2
TB	on serious diseases	2
TB	on skeletons	2
TB	only old analog instruments	2
TB	opportunistic diseases	2
TB	opportunistic infection	18
TB	opportunistic infections	10
TB	organism	16
TB	organisms	16
TB	organization	2
TB	organizations	2
TB	outbreak	2
TB	pathogen	4
TB	pathogens	2
TB	penicillin-resistant diseases	2
TB	people	2
TB	player	12
TB	poor people	2
TB	positive	2
TB	potential death sentences racing	2
TB	poverty	4
TB	pre-amp	4
TB	preamp	2
TB	pregnancy	2
TB	pressing health issues	2
TB	preventable diseases	6
TB	preventive services	2
TB	priority	2
TB	privacy	2
TB	problem	4
TB	problems	4
TB	program	2
TB	prominent withers	2
TB	public health strategy	2
TB	public health threat	2
TB	public health threats	2
TB	race	2
TB	reemergent diseases	2
TB	related ailments	4
TB	related diseases	4
TB	related illnesses	4
TB	respiratory disease	10
TB	respiratory diseases	10
TB	respiratory disorders	2
TB	respiratory infection	4
TB	respiratory infections	4
TB	rise in diseases	2
TB	routine mass vaccinations	2
TB	saw off infectious diseases	2
TB	scourge	4
TB	scourges	4
TB	seal	2
TB	serious disease	4
TB	serious diseases	2
TB	serious health crises	2
TB	serious health problems	2
TB	serious illness	2
TB	serious illnesses	2
TB	serious infections	4
TB	service	2
TB	single constraint	4
TB	single digit dactylitis	2
TB	skeleton	2
TB	sorrow	2
TB	sorrows	2
TB	sound	2
TB	spreading infection	2
TB	stand-alone preamp	2
TB	staple	2
TB	statutory diseases	2
TB	still face deadly diseases	2
TB	story	14
TB	strategy	2
TB	strong domestic names	2
TB	subject	2
TB	subjects	2
TB	switch	2
TB	synthesizer	8
TB	synthesizers	4
TB	systems in infectious diseases	4
TB	tackle diseases	4
TB	tackle outbreaks	2
TB	take	4
TB	threat	8
TB	transmissible illnesses	2
TB	treat diseases	2
TB	treatable diseases	2
TB	treating chronic diseases	2
TB	treating diseases	6
TB	treating infectious diseases	2
TB	tropical disease	4
TB	tropical diseases	4
TB	trouble	2
TB	troubles	2
TB	true	2
TB	tuberculosis	8
TB	tumour	2
TB	tumours	2
TB	urgent diseases	2
TB	vaccination	2
TB	vintage equipment	2
TB	will	2
TB	withers	2
TB	work experience in infectious diseases	2
TB	world	4
TB	wrong	4
TB	zoonotic disease	2
TB	zoonotic diseases	6
TB Alert	public	2
TB Andre Davis	Key personnel losses	2
TB Andre Davis	loss	2
TB Brian Calhoun	WISCONSIN	2
TB Brian Calhoun	Wisconsin	2
TB Brock Olivo	fall	2
TB Brock Olivo	yards last fall	2
TB Byron Hanspard	Honors candidates	2
TB Byron Hanspard	candidate	2
TB Cedric Benson	opener	2
TB Cedric Benson	season opener	2
TB Cheng Ho	watch	2
TB Chris Hopkins	Offense	2
TB David Bennett	2-5 Top players	2
TB David Bennett	player	2
TB Derrick Johnson	3-1 Top players	2
TB Derrick Johnson	player	2
TB Derrick Locke	playmaker	2
TB Derrick Locke	playmakers	2
TB Gerald Riggs	starter	6
TB Gerald Riggs	starters	6
TB Ilangaratne	Kobbekaduwa	2
TB Jamal Lewis	Baltimore	4
TB Jerod Douglas	Honors candidates	2
TB Jerod Douglas	candidate	2
TB Jimmy	Offense	2
TB Jon Mrockosky	Key players	2
TB Jurome Lee	2-1 Top players	2
TB Jurome Lee	player	2
TB Leeland McElroy	Key personnel losses	2
TB Leeland McElroy	loss	2
TB LenDale White	key player	2
TB LenDale White	key players	2
TB Making	condition	2
TB Making	infant mortality respiratory conditions	2
TB Michael DiMaggio	watch	2
TB Mike McLeod	Players To Watch	2
TB Mike McLeod	Watch	2
TB Milan Williams	watch	2
TB Raymond Priester	Key losses	2
TB Raymond Priester	loss	2
TB Ricky Whittle	Offense	2
TB Ricky Williams	All-star candidates	4
TB Ricky Williams	candidate	4
TB Ron Dayne	Giants	4
TB Ron Dayne	New York Giants	4
TB Sellnet	fictional mobile phone company	2
TB Sellnet	phone company	2
TB Shaun Alexander	City	4
TB Shaun Alexander	Kansas City	4
TB Shawn Walters	player	2
TB Shawn Walters	players	2
TB Test Scoring	action	2
TB Test Scoring	quantifiable actions	2
TB Thomas Jones	Arizona	4
TB Traceri	Macedonian artists	2
TB Traceri	artist	2
TB Tuberculosis	bacterial killer	2
TB Tuberculosis	killer	2
TB Tv??royri	football club	2
TB Wood	acquisition	2
TB Wood	strategic acquisitions	2
TB Woods	companies	2
TB Woods	company	2
TB Zack Leonard	4-3 Top players	2
TB Zack Leonard	player	2
TB amd helminth	poverty	2
TB bacteria	Britain	8
TB bacteria	bacteria	2
TB bacteria	dangerous pathogens	2
TB bacteria	dangerous pathogens in Britain	8
TB bacteria	pathogen	2
TB contact	centre	2
TB contact	satellite centres	2
TB control	active public-health programs	2
TB control	program	2
TB control nurses	health protection	2
TB control nurses	infection	4
TB control nurses	protection	2
TB culture	additional tests	2
TB culture	test	2
TB debate	form	2
TB debate	forms	2
TB debate	issue	2
TB debate	issues	2
TB drug supply	Zambia	2
TB drug supply	eg in Zambia	2
TB drug validation	molecular biology	2
TB elimination	goal	4
TB elimination	public health goals	4
TB in Africa	countries	2
TB in Africa	country	2
TB in London	source	4
TB in cattle	agriculture	2
TB in cattle	animal health problem facing agriculture	2
TB in children	form	2
TB in children	hard-to-diagnosis forms	2
TB leprosy	impact	2
TB leprosy	severe health impact	2
TB may	Infections	2
TB may	past	2
TB must	disease	2
TB must	significant diseases	2
TB nurse visitors	management	2
TB nurse visitors	tuberculosis management	2
TB present	disease	2
TB present	diseases	2
TB prevention	CDC programmes	2
TB prevention	programme	2
TB refresher course	Programs	2
TB refresher course	on Education Programs	2
TB sanatoriums	State's public buildings	2
TB sanatoriums	building	2
TB services	essential services	2
TB skin tests	dormant infections	2
TB skin tests	infection	2
TB status	child	6
TB status	differences in children	6
TB testing	issue	2
TB testing	issues	2
TB testing	service	2
TB testing	services	2
TB testing	support services	4
TB treatments	cheaper drugs	2
TB treatments	drug	2
TB will	greatness	4
TB wing	distinctive style	2
TB wing	style	2
TB-DOTS care	ambulatory surgeries	2
TB-DOTS care	surgery	2
TB-fighter	drug	2
TB-fighter	specialised drugs	2
TBA	Adult Pond Hockey Tournament	2
TBA	August	2
TBA	CRICKET	16
TBA	Electr??nica	4
TBA	GOLF	40
TBA	Global	2
TBA	GoH	4
TBA	Interchange	8
TBA	International	2
TBA	Ireland	4
TBA	June	4
TBA	Location	12
TBA	London	2
TBA	May	4
TBA	Media Venue	2
TBA	Minardi	4
TBA	New York	2
TBA	PICA	2
TBA	Place	2
TBA	Replacements	10
TBA	Rock Street	70
TBA	Saturday	2
TBA	Scottish Premier League start CRICKET	4
TBA	September	2
TBA	Street	70
TBA	Tournament	2
TBA	Venue	16
TBA	York	2
TBA	agencies	2
TBA	agency	2
TBA	crown jewel	2
TBA	crown jewels	2
TBA	following locations	2
TBA	location	4
TBA	locations	2
TBA	notable teams	2
TBA	rd Adelaide International	2
TBA	rd August	2
TBA	so many listings stating	2
TBA	state	2
TBA	team	2
TBA	th September	2
TBA Brian Forde	Chair	2
TBA Festival	venue	2
TBA Festival	venues	2
TBA can cause	chemical	2
TBA can cause	chemicals	2
TBAF	fluoride	2
TBAF	salt	2
TBAF	tetraalkylammonium fluoride	2
TBARS	oxidative stress	2
TBARS	stress	2
TBAs	level	2
TBAs	village level	2
TBAs	woman	2
TBAs	women	2
TBB	IATA	2
TBB	event	2
TBB	extension	2
TBB	following extensions	2
TBBA	Molecules	2
TBBPA	flame retardant	4
TBBPA	flame retardants	4
TBBT	sitcom	2
TBBT	sitcoms	2
TBC	Alasdair Dickinson Replacements	16
TBC	Austin Stacks Date	2
TBC	CRICKET	16
TBC	Clients	2
TBC	Date	2
TBC	Hurling	2
TBC	Japan	2
TBC	John Afoa Replacements	6
TBC	July	4
TBC	Junior A Hurling	2
TBC	Leader	2
TBC	London events	2
TBC	Oct	2
TBC	Point	2
TBC	Replacements	30
TBC	Room	2
TBC	Running time	2
TBC	Session Leader	2
TBC	Start date	16
TBC	Tony Woodcock Replacements	6
TBC	Venue	8
TBC	date	16
TBC	event	2
TBC	following typologies	2
TBC	footballer's main Japanese sponsors	8
TBC	grades Start Point	2
TBC	grades Start point	2
TBC	meeting	2
TBC	point	2
TBC	short time	2
TBC	sponsor	8
TBC	typology	2
TBC	uk Next meeting	2
TBC Olivia Gray	Meeting	2
TBC Olivia Gray	Next Meeting	2
TBC Pays	capability	2
TBC Pays	multichannel capabilities	2
TBC Referee	Kevin Tkachuk Replacements	2
TBC Referee	Replacements	2
TBC RugbyU	Kevin Tkachuk Replacements	2
TBC RugbyU	Replacements	2
TBC Tennis	Kevin Tkachuk Replacements	2
TBC Tennis	Replacements	2
TBC v TBC	CRICKET	4
TBC's High Potency Vitamin B Complex	formula	2
TBC's High Potency Vitamin B Complex	high potency formula	2
TBCOLn	table	2
TBD	Norwalk	6
TBD	Open	2
TBD	Primera Division game	2
TBD	Scottish Open	2
TBD	Stamford	6
TBD	Waterford	6
TBD	final round	4
TBD	game	2
TBD	season	6
TBDs	disease	2
TBDs	endemic bovine disease	2
TBE	DNA	2
TBE	appropriate buffer	2
TBE	buffer	2
TBE viruses	disease	2
TBE viruses	diseases	2
TBEA	companies	4
TBEA	company	4
TBEA	name	4
TBEA	names	2
TBEA	supplier	2
TBEA	suppliers	2
TBEA	well-known names	2
TBEC Honor Roll	award	4
TBF	Croatian entertainers	4
TBF	entertainer	4
TBF Avenger	World War II production aircraft	2
TBF Avenger	aircraft	2
TBF Avenger torpedo bombers	plane	6
TBF Avenger torpedo bombers	planes	6
TBG	labor relations consultants	2
TBG	relations consultant	2
TBG Solutions	enterprise	2
TBG Solutions	own enterprises	2
TBG level	If	2
TBG's Weston Family Library	private	2
TBH	Message	2
TBH	blues music	2
TBH	music	2
TBH's death	favour	2
TBI	aetiologies	2
TBI	aetiology	2
TBI	cause	2
TBI	causes	2
TBI	companies	2
TBI	company	2
TBI	health problem	2
TBI	health problems	2
TBI	injuries	2
TBI	injury	2
TBI	law enforcement	2
TBI sponsors conferences	event	2
TBI sponsors conferences	events	2
TBI-Proxis in France	acquisition	2
TBI-Proxis in France	through acquisitions	2
TBILISI	0-0 draw Eds	2
TBILISI	2-0 EDS	2
TBILISI	Abkhazia	22
TBILISI	Abkhazia conflict	2
TBILISI	Abkhazia visit	4
TBILISI	Abkhazia's Kodori Gorge	2
TBILISI	Adjara	6
TBILISI	Adjara leader	4
TBILISI	Afghanistan	4
TBILISI	Armenia	4
TBILISI	Azerbaijan	2
TBILISI	BTC pipeline	2
TBILISI	Backgrounder	2
TBILISI	Belarus	2
TBILISI	Bush	2
TBILISI	COMMENTARY	2
TBILISI	Chechen extradition	2
TBILISI	Chechen rebels	4
TBILISI	EDITORS	2
TBILISI	EDS	2
TBILISI	EU integration	4
TBILISI	EU summit	2
TBILISI	Eds	4
TBILISI	FEATURES	2
TBILISI	FRIDAY	2
TBILISI	Friday	2
TBILISI	GEORGIAN AND PUTIN	2
TBILISI	Georgia	90
TBILISI	Georgia Tuesday	2
TBILISI	Georgia buffer zone withdrawal	4
TBILISI	Georgia coal mine explosion	4
TBILISI	Georgia crisis	2
TBILISI	Georgia leader	4
TBILISI	Georgia lifts state of emergency	2
TBILISI	Georgia membership	2
TBILISI	Georgia military base	4
TBILISI	Georgia poll win	2
TBILISI	Georgia rallies	2
TBILISI	Georgia rebel zones	2
TBILISI	Georgia region	2
TBILISI	Georgia resumes shelling	6
TBILISI	Georgia tensions	6
TBILISI	Georgia unrest	4
TBILISI	Georgia vote	12
TBILISI	Georgia war	4
TBILISI	Georgia's Poti	2
TBILISI	Georgia's Saakashvili in film	2
TBILISI	Georgia's Saakashvili wins vote	4
TBILISI	Georgia's opposition blocks railway	2
TBILISI	Georgia's presidential election	6
TBILISI	Georgia's presidential elections	2
TBILISI	Georgia's separatist conflicts	4
TBILISI	Georgia's stand	2
TBILISI	Georgian bonds	2
TBILISI	Georgian breakaway region	6
TBILISI	Georgian breakaway territory	2
TBILISI	Georgian debt	2
TBILISI	Georgian integration in West	4
TBILISI	Georgian opposition rally	4
TBILISI	Georgian police buildings	2
TBILISI	Georgian policeman	2
TBILISI	Georgian president	4
TBILISI	Georgian separatist region	2
TBILISI	Georgian side in fighting	2
TBILISI	Georgian soldiers in Poti	2
TBILISI	Georgian standoff	2
TBILISI	Georgian territory	4
TBILISI	Georgian troops	2
TBILISI	Georgian village	4
TBILISI	Gorge	4
TBILISI	Gori	20
TBILISI	Gori handover	2
TBILISI	ICC	2
TBILISI	Iraq	4
TBILISI	Kosovo	2
TBILISI	MONDAY	2
TBILISI	March	2
TBILISI	Mkhedrioni militia	4
TBILISI	Monday	10
TBILISI	Moscow	10
TBILISI	Moscow parade	2
TBILISI	NATO	8
TBILISI	NATO Lisbon summit	2
TBILISI	NATO member	4
TBILISI	NATO membership	2
TBILISI	NATO question	2
TBILISI	Net	2
TBILISI	New Year	2
TBILISI	November	6
TBILISI	November Eds	2
TBILISI	OSCE observers	2
TBILISI	Ossetia	34
TBILISI	Ossetia conflict	2
TBILISI	Ossetia independence	4
TBILISI	Ossetia talks	2
TBILISI	Ossetian man	2
TBILISI	Ossetian prisoners	2
TBILISI	PUTIN	2
TBILISI	Pankisi	2
TBILISI	Pankisi Gorge	2
TBILISI	Polish presidents	2
TBILISI	Poti	12
TBILISI	Prague summit	4
TBILISI	Roundup	2
TBILISI	Russia	22
TBILISI	Russia attacks	2
TBILISI	Russia influence	2
TBILISI	Russia tensions	4
TBILISI	Russian	4
TBILISI	Russian embargo	2
TBILISI	Russian forces	2
TBILISI	Russian peacekeepers running out	2
TBILISI	Russian recognition move	4
TBILISI	Russian soldier back	2
TBILISI	Russian warplanes over Georgia	2
TBILISI	Russian withdrawal	6
TBILISI	Russians	4
TBILISI	Russo-Georgian ties	2
TBILISI	S leader	2
TBILISI	SATURDAY	2
TBILISI	SOssetia	4
TBILISI	Saakashvili in Tbilisi	2
TBILISI	Shevardnadze leaves Georgia	6
TBILISI	South Ossetia	22
TBILISI	South Ossetia crisis	2
TBILISI	South Ossetian capital	2
TBILISI	South Ossetian police post	2
TBILISI	Soviet Union	4
TBILISI	Stable	2
TBILISI	Stalin statue	2
TBILISI	Star Academy' studio collapse	2
TBILISI	THURSDAY	2
TBILISI	TOP STORIES	10
TBILISI	TUESDAY	4
TBILISI	Tbilisi	14
TBILISI	Tbilisi airport	6
TBILISI	Tbilisi airport radars	4
TBILISI	Tbilisi apartment	4
TBILISI	Thursday	4
TBILISI	Tskhinvali	2
TBILISI	Tuesday	2
TBILISI	Turkish sea captain	2
TBILISI	US	2
TBILISI	UTC TOP STORIES	8
TBILISI	Ukraine vote	2
TBILISI	United States	2
TBILISI	WEDNESDAY	2
TBILISI	Wednesday	2
TBILISI	West	4
TBILISI	World Cup	2
TBILISI	Yemen	2
TBILISI	accord	2
TBILISI	after Ukrainian election	2
TBILISI	after accord	2
TBILISI	after car bomb attack	2
TBILISI	after clashes	4
TBILISI	agreement	4
TBILISI	air	4
TBILISI	airport	6
TBILISI	allies	4
TBILISI	ally	4
TBILISI	amnesty	2
TBILISI	anti-corruption efforts	2
TBILISI	apartment	4
TBILISI	attack	2
TBILISI	attack Georgian territory	2
TBILISI	back	2
TBILISI	backed peace proposal	2
TBILISI	backed separatists	2
TBILISI	blame	2
TBILISI	blast	2
TBILISI	bln dollars	2
TBILISI	bomb attack	2
TBILISI	bond	2
TBILISI	border crossing	6
TBILISI	breakaway Georgian region	4
TBILISI	bruising vote triumph	2
TBILISI	buffer zone	6
TBILISI	building	2
TBILISI	burning	2
TBILISI	capital	10
TBILISI	captain	4
TBILISI	ceasefire	4
TBILISI	ceasefire promise	4
TBILISI	ceasefire terms	2
TBILISI	challenge longevity record	2
TBILISI	checkpoint	6
TBILISI	civil war	2
TBILISI	clash	4
TBILISI	collapse	2
TBILISI	complete pull-out	2
TBILISI	conflict	10
TBILISI	conflict zone	6
TBILISI	consultation	4
TBILISI	consultations	4
TBILISI	contracts four percent	2
TBILISI	control rebel capital	2
TBILISI	corruption	2
TBILISI	countries	2
TBILISI	country	2
TBILISI	coup	2
TBILISI	crisis	6
TBILISI	crisis in Adjara	2
TBILISI	danger	2
TBILISI	day	6
TBILISI	days	6
TBILISI	dead	2
TBILISI	death in Georgia	2
TBILISI	debt	2
TBILISI	defeat' over SOssetia	2
TBILISI	democracy	4
TBILISI	deputy	2
TBILISI	disperse Georgia protesters	4
TBILISI	dlrs in Georgia	2
TBILISI	dollar	4
TBILISI	dollars	2
TBILISI	doubt	2
TBILISI	drone	4
TBILISI	early November	2
TBILISI	effect	4
TBILISI	effort	2
TBILISI	election	8
TBILISI	election battle	6
TBILISI	elections in capital	2
TBILISI	embargo	2
TBILISI	entry	2
TBILISI	ex-Soviet Commonwealth group	6
TBILISI	ex-Soviet Union	4
TBILISI	exec found dead	2
TBILISI	exercise	2
TBILISI	exile	4
TBILISI	explosion	4
TBILISI	explosive' atmosphere in Georgia	4
TBILISI	extradition	2
TBILISI	fair	10
TBILISI	fair presidential election	2
TBILISI	family massacre	2
TBILISI	fighter	2
TBILISI	fighting	2
TBILISI	fighting corruption	2
TBILISI	film	2
TBILISI	first opposition talks	2
TBILISI	first round	2
TBILISI	flagged tanker	2
TBILISI	flight	2
TBILISI	fold	2
TBILISI	follow	2
TBILISI	force	8
TBILISI	forward	2
TBILISI	gas crisis	2
TBILISI	go forward	2
TBILISI	government	2
TBILISI	government-in-exile	4
TBILISI	group	6
TBILISI	handover	2
TBILISI	hiding in Georgia	2
TBILISI	historic Stalin statue	4
TBILISI	hits Georgia railway	2
TBILISI	hits Georgia railway line	2
TBILISI	holidays in Azerbaijan	2
TBILISI	home	2
TBILISI	hunger strike	2
TBILISI	importance	2
TBILISI	incumbent Georgian president	2
TBILISI	independence	4
TBILISI	influence	2
TBILISI	integration	4
TBILISI	integrity	10
TBILISI	international peacekeepers in Georgia	4
TBILISI	investigation	2
TBILISI	issue	2
TBILISI	join Afghanistan peacekeeping	2
TBILISI	join NATO	4
TBILISI	joint exercises	2
TBILISI	kill Georgian police officer	2
TBILISI	land mine in Iraq	2
TBILISI	landmark talks	8
TBILISI	late November	2
TBILISI	leader	10
TBILISI	leadership	4
TBILISI	local vote	2
TBILISI	man	2
TBILISI	mandate	2
TBILISI	massacre	2
TBILISI	massing in buffer zone	2
TBILISI	meet opposition leaders	2
TBILISI	meet opposition leaders Monday	4
TBILISI	meet opposition leaders Wednesday	2
TBILISI	meeting	6
TBILISI	member	4
TBILISI	membership	4
TBILISI	military	2
TBILISI	military base	6
TBILISI	military importance	2
TBILISI	military parade in doubt	2
TBILISI	militia	4
TBILISI	mine	4
TBILISI	monitor	2
TBILISI	move	4
TBILISI	multiple ways	2
TBILISI	mutineer	4
TBILISI	mutineers	4
TBILISI	national security council meeting	2
TBILISI	near Abkhazia	2
TBILISI	near Georgia party office	2
TBILISI	near Georgian rebel region	2
TBILISI	near Russian checkpoint	2
TBILISI	near South Ossetia	10
TBILISI	near key Georgian town	2
TBILISI	near rebel region	4
TBILISI	negotiator	2
TBILISI	negotiators	2
TBILISI	new conflict in Abkhazia	2
TBILISI	new prime minister	2
TBILISI	new talks	2
TBILISI	non-NATO states	2
TBILISI	observer	6
TBILISI	observers in Georgia	2
TBILISI	occupation	4
TBILISI	office	4
TBILISI	on Abkhazia	4
TBILISI	on Georgia	2
TBILISI	on NATO entry	2
TBILISI	on OSCE monitors	2
TBILISI	on Russian spy issue	2
TBILISI	on Thursday	4
TBILISI	on Yemen	2
TBILISI	on air	4
TBILISI	on democracy	2
TBILISI	on key Caucausian railway	2
TBILISI	on military bases	2
TBILISI	on rebel region	6
TBILISI	on run	2
TBILISI	on separatist conflicts	2
TBILISI	on track	2
TBILISI	opposition	6
TBILISI	opposition leader	2
TBILISI	out	2
TBILISI	overthrow Georgian government	2
TBILISI	parade	2
TBILISI	parliament	2
TBILISI	party wins Georgia poll	2
TBILISI	pct	2
TBILISI	pct in November	2
TBILISI	peace proposal	2
TBILISI	peacekeeper mandate	2
TBILISI	peacekeeping	2
TBILISI	percent	8
TBILISI	pipeline	2
TBILISI	plane	10
TBILISI	planned coup	2
TBILISI	plot	2
TBILISI	police officer	2
TBILISI	policeman	2
TBILISI	poll	2
TBILISI	port	2
TBILISI	ports	2
TBILISI	possible Iraq use	2
TBILISI	post	2
TBILISI	power	4
TBILISI	power plant	4
TBILISI	president	10
TBILISI	president's powers	4
TBILISI	presidential election	12
TBILISI	presidential race	4
TBILISI	prime minister	6
TBILISI	prime minister office	2
TBILISI	prisoner	2
TBILISI	produced ricin	2
TBILISI	promise	4
TBILISI	protester	4
TBILISI	pull-out	2
TBILISI	question	2
TBILISI	quit Abkhazia buffer zone	4
TBILISI	radar	4
TBILISI	railway	6
TBILISI	railway line	2
TBILISI	rally	10
TBILISI	ransom	2
TBILISI	rare Georgia-Abkhazia talks	2
TBILISI	re-election	4
TBILISI	re-open border crossing	6
TBILISI	re-run parliamentary elections in March	2
TBILISI	rebel	8
TBILISI	rebel region	10
TBILISI	rebels	4
TBILISI	record	2
TBILISI	refugee	2
TBILISI	region	42
TBILISI	region switches sides	2
TBILISI	release Georgian soldiers	2
TBILISI	release OSCE observers	4
TBILISI	remains in Tbilisi	2
TBILISI	renegade region	2
TBILISI	resume treaty talks	2
TBILISI	returning Georgian refugees	2
TBILISI	ricin	2
TBILISI	run	2
TBILISI	sea captain	2
TBILISI	separatist	6
TBILISI	separatist Abkhazia	2
TBILISI	separatist fighters	2
TBILISI	separatists	2
TBILISI	shell	6
TBILISI	shoot-out	4
TBILISI	shooting	2
TBILISI	shooting down drone	4
TBILISI	side	2
TBILISI	signs ceasefire agreement	4
TBILISI	soldier	2
TBILISI	spark war	2
TBILISI	special forces join opposition	4
TBILISI	spy drone flights	2
TBILISI	stability	2
TBILISI	stand	2
TBILISI	standoff	2
TBILISI	state	2
TBILISI	state of emergency	2
TBILISI	statue	6
TBILISI	stay in Abkhazia	2
TBILISI	still bombing Georgia	4
TBILISI	still burning	2
TBILISI	still hiding in Georgia	2
TBILISI	still support Abkhaz separatists	2
TBILISI	strategic Georgian town	2
TBILISI	strategic partnership treaty	2
TBILISI	suicide	2
TBILISI	summit	8
TBILISI	take	4
TBILISI	take effect Friday	2
TBILISI	taking	4
TBILISI	talk	18
TBILISI	tanker	2
TBILISI	temporary ceasefire	2
TBILISI	tension	10
TBILISI	term	2
TBILISI	territorial integrity	10
TBILISI	territory	8
TBILISI	threat	2
TBILISI	three-hour ceasefire	2
TBILISI	tie	2
TBILISI	tower in Georgia	2
TBILISI	town	4
TBILISI	track	2
TBILISI	treaty	2
TBILISI	triumph	2
TBILISI	troop	2
TBILISI	truck blast	2
TBILISI	unconditional use of force	2
TBILISI	under threat	2
TBILISI	unmanned Georgia spy plane	10
TBILISI	unrest	4
TBILISI	up positions outside Gori	2
TBILISI	urgent Security Council meeting	4
TBILISI	use	2
TBILISI	use force	6
TBILISI	use of force	2
TBILISI	version follows	2
TBILISI	victory in Georgia	4
TBILISI	village	6
TBILISI	violence	4
TBILISI	visit	4
TBILISI	visits separatist region	2
TBILISI	volatile region	2
TBILISI	vote	20
TBILISI	vote in presidential election	2
TBILISI	war	22
TBILISI	war memorial	4
TBILISI	way	2
TBILISI	west Georgia	2
TBILISI	wider danger	2
TBILISI	win	2
TBILISI	wine	2
TBILISI	wins bruising election battle	6
TBILISI	wins bruising re-election	4
TBILISI	wins in first round	2
TBILISI	withdraw	4
TBILISI	withdrawal	10
TBILISI	withdrawing	4
TBILISI	wounded	2
TBILISI	year	6
TBILISI	years	4
TBILISI	zone	8
TBILSI	meet Georgian separatist leaders	2
TBILSI	separatist leader	2
TBIT	type	2
TBIT	types	2
TBL	Unlike systems	2
TBL	system	2
TBL' CW	BEAUTIFUL LIFE	2
TBL' CW	LIFE	2
TBM	Days' prize draw sponsors	2
TBM	act	2
TBM	acts	2
TBM	information	4
TBM	sponsor	2
TBM Avenger	Cold War aircraft	2
TBM Avenger	aircraft	4
TBM Avenger	dozen vintage aircraft	2
TBM Avenger torpedo bombers	model	2
TBM Avenger torpedo bombers	older models	2
TBM Avengers	American aircraft	2
TBM Avengers	aircraft	2
TBM de Leede	bat	2
TBMCS	earlier predecessors	2
TBMCS	predecessor	2
TBMs	equipment	2
TBMs	machine	4
TBMs	machines	4
TBMs	sophisticated excavating equipment	2
TBN	Christian television	2
TBN	Christian television network	2
TBN	Christian television networks	2
TBN	affiliate	4
TBN	based networks	2
TBN	broadcaster	2
TBN	channel	4
TBN	channels	4
TBN	corruption in ministries	2
TBN	customer	2
TBN	digital channel	2
TBN	film	2
TBN	films	2
TBN	huge customers	2
TBN	local network affiliates	4
TBN	ministry	2
TBN	multicasts five digital channels	2
TBN	network	14
TBN	networks	4
TBN	on cable networks	6
TBN	on networks	2
TBN	on popular Christian television networks	2
TBN	on programs	2
TBN	on television networks	2
TBN	perk	2
TBN	perks	2
TBN	program	2
TBN	programmer	2
TBN	programmers	2
TBN	religious stations	2
TBN	station	2
TBN	television	2
TBN	television network	8
TBN	through TV broadcasters	2
TBN Nejat	Christian TV Networks	2
TBN Nejat	Networks	2
TBN's Praise	international television shows	2
TBN's Praise	television show	2
TBN's signature television show	TBN programs	2
TBN's signature television show	program	2
TBNA	method	2
TBNA	methods	2
TBNY	Korean artists	2
TBNY	artist	2
TBODY	Complex Table Model	2
TBODY	Model	2
TBODY	attribute	2
TBODY	attributes	2
TBODY	tag	2
TBODY	tags	2
TBODY elements	Row groups	4
TBODY elements	group	4
TBP	IATA	2
TBP	TBPs	2
TBP	ligand	2
TBP	related TBPs	2
TBPR	16-24 Nov	2
TBPR	Nov	2
TBR	Death	2
TBR	on a test phone	2
TBR	phone	2
TBR Economics will	high calibre organisation	2
TBR Economics will	organisation	2
TBRA	Groups	2
TBRs	firm	2
TBRs	firms	2
TBS	Basic cable operations	4
TBS	Basketball	12
TBS	Broadcasting	4
TBS	Brothers	2
TBS	Cable channels	2
TBS	Championship	2
TBS	Content businesses	2
TBS	Cup series race	2
TBS	European Football Championship	2
TBS	Georgia	2
TBS	Japan	4
TBS	Japanese broadcasters	4
TBS	Japanese commercial stations	8
TBS	Japanese media outlets	2
TBS	Japanese television networks	6
TBS	Kent Networks	2
TBS	Last week	4
TBS	NATIVE AMERICANS	2
TBS	Network's TV stations	2
TBS	Networks	2
TBS	North America	2
TBS	On Sunday night	4
TBS	Producer	2
TBS	Radio	8
TBS	SOURCE	2
TBS	SPORTS	12
TBS	TBS channels	4
TBS	TV station	2
TBS	Ted Turner	2
TBS	Television operations	2
TBS	Time Warner	4
TBS	Time Warner channels	2
TBS	Time Warner television outlets	4
TBS	Time Warner video properties	2
TBS	Time Warner's cable networks	10
TBS	Turner	2
TBS	Turner Broadcasting	4
TBS	Turner Broadcasting System 's cable networks	2
TBS	Turner Broadcasting System networks	4
TBS	Turner Broadcasting System's cable networks	2
TBS	Turner networks	4
TBS	Turner outlets	2
TBS	Turner television networks	2
TBS	Untold West	2
TBS	WGN Basketball	2
TBS	Warner	4
TBS	Warner Brothers	2
TBS	West	2
TBS	assets	12
TBS	based commercial networks	2
TBS	basic	4
TBS	basic cable channels	2
TBS	basic cable networks	6
TBS	basic-cable networks	2
TBS	basic-cable outlets	2
TBS	been cable channels	2
TBS	bested competitors	2
TBS	brand	4
TBS	brands	2
TBS	broad-appeal networks	2
TBS	broadcast stations in Georgia	2
TBS	broadcaster	8
TBS	broadcasters	2
TBS	broadcasting units	2
TBS	business	2
TBS	cable	2
TBS	cable TV networks	4
TBS	cable TV services	2
TBS	cable basics	4
TBS	cable channels	36
TBS	cable nets	2
TBS	cable networks	56
TBS	cable outlets	4
TBS	cable stations	6
TBS	cable super stations	2
TBS	cable television channels	2
TBS	cable television empires	2
TBS	cable-TV channels	2
TBS	carry Turner channels	2
TBS	channel	102
TBS	channels	30
TBS	cheesy cable channels	2
TBS	client	4
TBS	clients	4
TBS	commercial network	2
TBS	companies	4
TBS	company	6
TBS	company networks	2
TBS	competitor	2
TBS	control	2
TBS	controls	2
TBS	country	6
TBS	distributor	2
TBS	dozen cable networks	52
TBS	dozen channels	2
TBS	entertainment networks	4
TBS	environment	2
TBS	evolving marketplace	2
TBS	game	2
TBS	general interest channels	2
TBS	holding	2
TBS	holdings	2
TBS	household staples	2
TBS	industry	2
TBS	international TV channels	2
TBS	international cable television empire	2
TBS	itw Turner television networks	2
TBS	leading cable channels	2
TBS	leading channels	2
TBS	leading companies	2
TBS	marketplace	2
TBS	money superstations	2
TBS	money-making cable stations	2
TBS	national networks	2
TBS	net	2
TBS	network	178
TBS	networks	20
TBS	night	4
TBS	on Turner Broadcasting stations	2
TBS	on Turner channels	2
TBS	on Turner-run stations	2
TBS	on broadcasters	2
TBS	on cable	2
TBS	on channels	4
TBS	on networks	2
TBS	on television shows	2
TBS	on terrestrial networks	2
TBS	operation	6
TBS	outlet	16
TBS	outlets	2
TBS	package	4
TBS	partner	2
TBS	past and present broadcasting partners	2
TBS	possible suitors	2
TBS	powerful TV brands	2
TBS	program	2
TBS	programmer	2
TBS	programmers	2
TBS	programming	2
TBS	programming assets	12
TBS	property	2
TBS	race	2
TBS	radio	30
TBS	resounding success	2
TBS	satellite networks	2
TBS	service	6
TBS	services	4
TBS	show	4
TBS	shows	4
TBS	staple	2
TBS	station	22
TBS	street scene SOURCE	2
TBS	success	2
TBS	suitor	2
TBS	superstation	4
TBS	superstations	2
TBS	teams' games	2
TBS	television empire	4
TBS	television network	22
TBS	television networks	12
TBS	television show	2
TBS	time	2
TBS	track	2
TBS	tracks	2
TBS	unit	2
TBS	week	4
TBS 's potential losses	factor	2
TBS 's potential losses	factors	2
TBS Baseball	Golf	2
TBS Football	ESPN2 Golf	2
TBS Football	Golf	2
TBS Golf	FX Football	2
TBS Golf	Football	2
TBS Little League Baseball	Golf	2
TBS Original Movie	movie projects	2
TBS Original Movie	project	2
TBS SKATE	Grade	2
TBS SKATE	Payne' Grade	2
TBS SuperStation	Channels	2
TBS SuperStation	Networks	4
TBS SuperStation	Ted Turner Networks	2
TBS Superstation	Cable Networks	2
TBS Superstation	Networks	2
TBS Superstation	TEG	2
TBS Superstation	Turner	2
TBS Superstation	Turner's entertainment networks	4
TBS Superstation	Web sites	2
TBS Superstation	cable operations	2
TBS Superstation	channel	2
TBS Superstation	company's television properties	2
TBS Superstation	domestic channels	2
TBS Superstation	network	6
TBS Superstation	networks	2
TBS Superstation	on cable television networks	2
TBS Superstation	operation	2
TBS Superstation	property	2
TBS Superstation	television network	8
TBS Superstation	television networks	6
TBS channels	TV operations	2
TBS channels	operation	2
TBS drama	program	2
TBS drama	roles in programs	2
TBS fills	Monday	4
TBS fills	On Mondays	4
TBS film	companies' film libraries	2
TBS film	film library	2
TBS garner	basic cable channels	2
TBS garner	channel	2
TBS need guts	LOST NUGGETS	2
TBS need guts	NUGGETS	2
TBS offering shows	channel	2
TBS offering shows	channels	2
TBS radio	Japan	2
TBS radio	shows in Japan	2
TBS report	Japanese major television networks	2
TBS report	television network	2
TBS series	multiple Tyler Perry projects	2
TBS series	project	2
TBS sibling	identity	2
TBS sibling	strong brand identities	2
TBS studio analysts	commentator	2
TBS studio analysts	commentators	2
TBS will telecast	radio	4
TBS's long-range	issue	2
TBS's long-range	issues	2
TBS's mishandling	TV station	4
TBS's mishandling	TV stations	4
TBSCl	triflate	2
TBSOTf	triflate	2
TBT	case studies	2
TBT	case study	2
TBT	compound	2
TBT	environmental toxins	2
TBT	hazardous material	2
TBT	hazardous materials	2
TBT	organic tin compounds	2
TBT	organotins	4
TBT	pollutant	2
TBT	pollutants	2
TBT	toxin	2
TBT	trade agreement	2
TBT	trade agreements	2
TBT in antifouling	substance	2
TBT in antifouling	toxic substances	2
TBTBT	era	2
TBTO	heavy metals	2
TBTO	metal	2
TBTO	pesticide	4
TBTO	pesticides	4
TBUS bulletins	format	2
TBUS bulletins	formats	2
TBV Business Services	organisation	2
TBV Business Services	partner organisations	2
TBVI	Initiative	2
TBVI	Tuberculosis Vaccine Initiative	2
TBWA	LEAD	2
TBWA	London agencies	2
TBWA	Seagram liquor agencies	2
TBWA	ad agency	2
TBWA	advertising agency	4
TBWA	agencies	10
TBWA	agency	14
TBWA	giving fans a return	2
TBWA	multinational ad agencies	2
TBWA	return	2
TBWA	sexual themes	2
TBWA	shop	2
TBWA	shops	2
TBWA	theme	2
TBWA	traditional advertising agencies	4
TBWA ADVERTISING	LEAD	2
TBWA Chiat Day	past ten years	2
TBWA Chiat Day	year	2
TBWA Hunt Lascaris	brand name	2
TBWA Hunt Lascaris	mixed brand name	2
TBWA London	Adjudication	2
TBWA client	shareholder	2
TBWA client	shareholders	2
TBWAGGT	DM agencies	2
TBWAGGT	agency	2
TBX	few models	2
TBX	gene	2
TBX	genes	2
TBX	model	2
TBYTE	following datatype values	2
TBYTE	following values	2
TBYTE	type	2
TBYTE	types	2
TBYTE	value	4
TBarB	instrument	2
TBarB	instruments	2
TBrun	commercial solutions	2
TBrun	solution	2
TBs James Starks	option	2
TBs James Starks	options	2
