ZR	Design MN	2
ZR	Minnesota	4
ZR	Trade Names	2
ZR	Vettes	4
ZR	automaker	2
ZR	buy cars	2
ZR	car	4
ZR	full roll cages	2
ZR	hot hatch	2
ZR	lovely MN	2
ZR	performance cars	2
ZR	roll cage	2
ZR	selling hot hatch	2
ZR	sports cars today	2
ZR	three Detroit automakers	2
ZR	today	2
ZRA	command	2
ZRA	militia	2
ZRA	operating commands	2
ZRA	tribal militias	2
ZREIK	Coordinateurs	2
ZRENJANIN	Monday	2
ZRM Cluster edition	MySQL	2
ZRM Community edition	MySQL	2
ZRM Enterprise edition	MySQL	2
ZRRIFLE	sequence	2
ZRRIFLE plot	covert projects	2
ZRRIFLE plot	project	2
ZRS	band	2
ZRS	bands	2
ZRSS Stadium	stadium	2
ZRSS Stadium	stadiums	2
ZRT	equipment	2
ZRT	forensic photography equipment	2
ZRT	hectare	2
ZRT	hectares	2
ZRTP	libraries	2
ZRTP	library	2
ZRTP	protocol	4
ZRTP	protocols	2
ZRTP	security	2
ZRY	gene	2
ZRY	genes	2
ZRock	stories	2
ZRock	story	2
