BS	Action	2
BS	Address	148
BS	Address Details	2
BS	Aerospace Engineering	2
BS	Attendance	14
BS	Attn	2
BS	Aztec Address	2
BS	BSI	2
BS	Bachelor's Degrees	2
BS	Belgo Bristol	2
BS	Bia??a Podlaska	2
BS	Biographical history	2
BS	Biological Sciences Dean	2
BS	Biomedical Engineering	2
BS	Blanchard	2
BS	Botanic Garden Address	2
BS	Bridge Inn	4
BS	Bristol	6
BS	Bristol Contact details	2
BS	British Standard	10
BS	British Standard committees	2
BS	British Standards	6
BS	British Standards are missing	2
BS	Business	6
BS	Business Administration	2
BS	CSCC Officers Chairman	4
BS	Canada	2
BS	Cave Address	2
BS	Centre	6
BS	Chairman	4
BS	Chemical Engineering	2
BS	City	2
BS	Civil Engineering	2
BS	Code	2
BS	Codes of Practice	2
BS	Commonwealth Museum Address	2
BS	Companies	2
BS	Computer Engineering	2
BS	Computer Science	2
BS	Contact	16
BS	Contact details	4
BS	Contact us	2
BS	Contacts	4
BS	Current design codes	2
BS	Dean	12
BS	Degrees	2
BS	Design codes	2
BS	Details	10
BS	EQUITY PREVIEW	4
BS	EU	2
BS	Education	26
BS	Electrical Engineering	2
BS	Electrical Installations	2
BS	Engineering	4
BS	Environmental Engineering	2
BS	European equivalents	2
BS	Financial Network Education	2
BS	General Info	2
BS	Gown	2
BS	Grantholder	2
BS	Horse World Address	2
BS	House Museum Address	2
BS	IMD	2
BS	ISO country codes	2
BS	Info	2
BS	Inn	4
BS	Installations	2
BS	International standards	2
BS	JakTV	2
BS	Japanese television networks	2
BS	KEYWORDS	2
BS	Keywords	2
BS	Langford Nursery	2
BS	Letter	10
BS	Location	6
BS	Lodge Pole	2
BS	Management	2
BS	May Venue	2
BS	Mechanical Engineering	2
BS	Medicine Dean	10
BS	Minco	2
BS	Music Gown	2
BS	Ninnekah	2
BS	Notes	2
BS	Nursery	2
BS	Office	18
BS	Official address	4
BS	Ohio Education	2
BS	PREVIEW	4
BS	Packet Boat Trips Address	2
BS	Park City	2
BS	Point	2
BS	Pole	2
BS	Portavon Boat Centre	6
BS	Redcliffe Church Address	2
BS	Ref	2
BS	Reference	2
BS	References	2
BS	Region	4
BS	Registered Office	16
BS	Regulations	2
BS	Relevant standards	2
BS	Research Council Address	2
BS	Roman Villa Address	2
BS	SHIRE' Newapaper official address	2
BS	SW Telecommunications Region	4
BS	Scheme	4
BS	Screening tests	2
BS	Service Management	2
BS	Simon Goss Venue	2
BS	Site Details	2
BS	Speaker	6
BS	Standard	2
BS	Standards	4
BS	Standards Ref	2
BS	Street Address	2
BS	TV networks	2
BS	Tail Code	2
BS	Tan Education	2
BS	Team Bristol Address	2
BS	Traditional flanges	2
BS	US	2
BS	Undergraduate	2
BS	United Kingdom	2
BS	University	4
BS	VENUE	2
BS	Valley Country Park Address	2
BS	Venue	6
BS	Wolf Point	2
BS	Woodspring Park Address	2
BS	Zip	2
BS	accreditation	2
BS	accredited schemes	2
BS	acknowledged quality assurance standards	2
BS	additional bibliography	2
BS	address	12
BS	aging BS Standard	2
BS	application	2
BS	approach	4
BS	approaches	4
BS	appropriate standard	2
BS	area	4
BS	artist	2
BS	artists	2
BS	assessment procedures	2
BS	bachelor	2
BS	bibliography	2
BS	bomb squadron	2
BS	box	2
BS	brand name' lenders	2
BS	building regulation	2
BS	building societies	2
BS	building society	2
BS	cable	2
BS	causa	2
BS	certificate	2
BS	certificates	2
BS	certification	2
BS	certifications	2
BS	channel	4
BS	channels	2
BS	charge	2
BS	code	8
BS	codes	2
BS	commercial grade vacuum upright	2
BS	committee	2
BS	contact	20
BS	controller	4
BS	country code	2
BS	covering applications	2
BS	current British Standards	2
BS	current Quality Scheme	4
BS	current standards	2
BS	curricular offerings	2
BS	data structure	2
BS	data structures	2
BS	date	2
BS	detail	8
BS	details contact	6
BS	diploma	2
BS	diplomas	2
BS	document	4
BS	documentation	2
BS	documents	2
BS	earlier national standards	2
BS	electrical products	2
BS	electronic component	2
BS	electronic components	2
BS	emergency lighting fittings	2
BS	environmental management systems	2
BS	environmental policy	2
BS	equivalent	2
BS	existing product quality kitemarks	4
BS	external accreditation	2
BS	final year date	2
BS	fire performance cables	2
BS	fitting	2
BS	flange	2
BS	floor	2
BS	floors	2
BS	follow	4
BS	following address	2
BS	following letter-pairs	2
BS	follows	4
BS	formal schemes	2
BS	framework	6
BS	frameworks	2
BS	further information contact	2
BS	government	2
BS	guidance documents	2
BS	high security standards	2
BS	history	2
BS	home	2
BS	honoris causa	2
BS	html Contact details	2
BS	industrial standards	2
BS	industry regulations	2
BS	industry standard	6
BS	industry standards	4
BS	information security topics	2
BS	insurance standards	2
BS	internal systems	2
BS	international standards	8
BS	interpretation	2
BS	kitemark	4
BS	label	2
BS	labels	2
BS	leading specialist panels	2
BS	learning	2
BS	lender	2
BS	libraries Address	4
BS	license	2
BS	mail	2
BS	material	2
BS	materials	2
BS	methodologies	2
BS	methodology	2
BS	metric	2
BS	metrics	2
BS	missing	2
BS	model	2
BS	move	4
BS	national standards	4
BS	necessary	2
BS	network	2
BS	network plug	2
BS	normal safety standards	2
BS	offering	2
BS	office	2
BS	on broadcast satellite channels	2
BS	on company environmental policy	2
BS	on popular controllers	4
BS	on quality standards	2
BS	on topics	2
BS	one Postcode area	4
BS	operational security standards	4
BS	pair	2
BS	panel	2
BS	place	2
BS	plug	2
BS	practice	4
BS	practice frameworks	2
BS	practices	4
BS	print	2
BS	procedure	2
BS	process	2
BS	product	2
BS	product standards	2
BS	program	4
BS	programs	2
BS	provision	2
BS	quality standards	2
BS	recent searches	2
BS	record	2
BS	reference	4
BS	references	4
BS	registered office	2
BS	regulation	6
BS	regulations	4
BS	related standards	2
BS	relevant building regulations	2
BS	relevant external specifications	2
BS	relevant safety standards	2
BS	relevant standards	2
BS	right of way data recording	2
BS	safety standards	4
BS	scheme	6
BS	schemes	2
BS	search	2
BS	search box	2
BS	sector	2
BS	see	2
BS	showing four models	2
BS	signalling training courses	2
BS	specialised standards	2
BS	specification	2
BS	specification standards	2
BS	sport	4
BS	squadron	2
BS	standard	76
BS	standard framework	2
BS	standards	24
BS	statistical process	2
BS	steel	2
BS	structural fire design codes	2
BS	suitable standard	4
BS	support	2
BS	support service provision	2
BS	sustainable management standard	2
BS	system	6
BS	system in place	2
BS	systems	2
BS	television network	2
BS	test	2
BS	time	2
BS	topics	4
BS	training course	2
BS	trophies	4
BS	trophy	4
BS	two-pin plug types	4
BS	type	4
BS	uk Address	36
BS	uk address	2
BS	under gaming licenses	2
BS	unit	2
BS	upright	2
BS	us	2
BS	variant	2
BS	variants	2
BS	website VTS Office	2
BS	well degree programs	2
BS	words	2
BS	writing	24
BS AC	sequence	2
BS AC	special sequences	2
BS Accountancy	Honorable Mention	2
BS Accountancy	Third Honorable Mention	2
BS Architecture	candidate status	2
BS Architecture	status	2
BS Biology	curricular offerings	2
BS Biology	following programs	2
BS Biology	offering	2
BS Biology	program	2
BS Business Administration	Status	2
BS CECC	sequence	2
BS CECC	special sequences	2
BS Cable Sections	Airline Sections	2
BS Chemical Engineering	following programs	2
BS Chemical Engineering	program	2
BS Civil Engineering	accredited status	2
BS Civil Engineering	following programs	2
BS Civil Engineering	program	2
BS Civil Engineering	status	2
BS Computer Science	Education Department	2
BS Computer Science	Higher Education Departments	2
BS Computer Science	Status	2
BS Computer Science	candidate status	2
BS Computer Science	status	2
BS DISC PD	New standards	4
BS DISC PD	standard	4
BS Dwarkanath Institute	Eds	2
BS EM	COE	2
BS EN	European Standards	2
BS EN	European standard	2
BS EN	European standards	2
BS EN	Figures in specifications	2
BS EN	National safety standards	2
BS EN	applicable European Standards	2
BS EN	international standards	2
BS EN	laboratory work	2
BS EN	national standard	2
BS EN	safety standards	2
BS EN	sequence	2
BS EN	special sequences	2
BS EN	specification	2
BS EN	standard	6
BS EN	standards	2
BS EN ISO	Scheme	4
BS EN ISO	approval	2
BS EN ISO	approvals	2
BS EN ISO	current Quality Scheme	4
BS EN ISO	prestigious recognitions	2
BS EN ISO	published BS EN standards	2
BS EN ISO	quality standards	4
BS EN ISO	quality system standards	2
BS EN ISO	recognition	2
BS EN ISO	relevant specification standard	2
BS EN ISO	standard	12
BS EN ISO	standards	2
BS Electrical Engineering	accredited status	2
BS Electrical Engineering	status	2
BS Electronics	following programs	2
BS Electronics	program	2
BS Flags	building material	2
BS Flags	building materials	2
BS Hotel	course	2
BS Hotel	courses	2
BS Hotel	following programs	2
BS Hotel	program	2
BS IEC	sequence	2
BS IEC	special sequences	2
BS II	editor	2
BS II	editors	2
BS III	editor	2
BS III	editors	2
BS ISO	Standards	2
BS ISO	pump testing standards	2
BS ISO	sequence	2
BS ISO	special sequences	2
BS ISO	testing standard	2
BS IV	editor	2
BS IV	editors	2
BS Information Systems	course	2
BS Information Systems	courses	2
BS International Hospitality	university	2
BS Mathematics	Education	2
BS Mechanical Engineering	accredited status	2
BS Mechanical Engineering	status	2
BS Petroleum Engineering	Education	2
BS Psychology	Del Rosario	2
BS Psychology	Rosario	2
BS Technology major	candidate status	2
BS Technology major	status	2
BS Tourism Management	following programs	2
BS Tourism Management	program	2
BS US	information	4
BS US	stock information	4
BS adoptions	database	2
BS adoptions	entire BSI standards database	2
BS codes	industry	2
BS in Agriculture	offering	2
BS in Agriculture	only three degree offerings	2
BS in Business Administration	degree	2
BS in Business Administration	degrees	2
BS in Computer Engineering	course	4
BS in Computer Engineering	offers fifteen courses	4
BS in Education	additional courses	2
BS in Education	course	2
BS in Electronics	course	4
BS in Electronics	offers fifteen courses	4
BS in Elementary Education	additional courses	2
BS in Elementary Education	course	2
BS in Home	offering	2
BS in Home	only three degree offerings	2
BS in Home Economics	additional courses	2
BS in Home Economics	course	2
BS in Music	additional courses	2
BS in Music	course	2
BS in Nursing	Division offers majors	2
BS in Nursing	Educational background	2
BS in Nursing	background	2
BS in Nursing	course	4
BS in Nursing	major	2
BS in Nursing	offers fifteen courses	4
BS in Tourism	Division offers majors	2
BS in Tourism	major	2
BS in accounting	Academic education	2
BS in accounting	education	2
BS in computer	degree	2
BS in computer	degrees	2
BS in engineering	Education	4
BS in finance	Education	2
BS in mechanical engineering	Education	2
BS in mechanical engineering	Houston Education	2
BS number	field	2
BS number	fields	2
BS-AC	agency	2
BS-AC	emerging scuba certification agencies	2
BS-AC membership	Re	18
BS-Commerce	degree programs	2
BS-Commerce	program	2
BS-Computer Science	degree programs	2
BS-Computer Science	program	2
BS-Geology	degree programs	2
BS-Geology	program	2
BS-Information Technology	degree programs	2
BS-Information Technology	program	2
BSA	Abbreviations	2
BSA	BA Location	2
BSA	Brit bikes	2
BSA	British manufacturers	4
BSA	British motorcycle manufacturers	2
BSA	British parallel twin motorcycles	2
BSA	Calcium signalling Abbreviations	2
BSA	Description	2
BSA	Group	2
BSA	He said laws	2
BSA	Late MInoan III pots	2
BSA	Legendary brands	2
BSA	Loans Liaison Group	2
BSA	Location	2
BSA	National Scout Association	2
BSA	Professional societies	2
BSA	Scout Association	2
BSA	Taxes	4
BSA	agencies	2
BSA	agency	2
BSA	aquatics qualifications	8
BSA	association	2
BSA	banking sector	4
BSA	bike	12
BSA	bikes	4
BSA	bodies	2
BSA	body	4
BSA	brand	2
BSA	came	2
BSA	chartered organizations	2
BSA	classic bikes	2
BSA	companies	4
BSA	company	4
BSA	contact	2
BSA	copyright industries	2
BSA	engine	4
BSA	established manufacturers	2
BSA	esteemed organisation	2
BSA	factories	4
BSA	factory	4
BSA	firm	2
BSA	firms	2
BSA	great British names	2
BSA	group	2
BSA	groups	2
BSA	here	2
BSA	industry	2
BSA	law	2
BSA	leading British manufacturers	2
BSA	leading marques	4
BSA	machine	2
BSA	machines	2
BSA	make	4
BSA	makes	2
BSA	manufacturer	14
BSA	marque	6
BSA	marques	2
BSA	model	2
BSA	motorcycle	4
BSA	motorcycles	2
BSA	motorcyles	2
BSA	name	6
BSA	names	4
BSA	neighborhood organizations came	2
BSA	offering	2
BSA	offerings	2
BSA	old British bikes	2
BSA	organisation	4
BSA	organization	2
BSA	pot	2
BSA	private organization	2
BSA	protein	2
BSA	proteins	2
BSA	qualification	8
BSA	rare models	2
BSA	representative bodies	2
BSA	s British manufacturers	2
BSA	school associations	2
BSA	serum albumin	2
BSA	skill	2
BSA	society	2
BSA	solution	2
BSA	species' serum albumins	2
BSA	straight-twin motorcycle engines	2
BSA	strategic solutions	2
BSA	supplier	2
BSA	top airgun equipment suppliers	2
BSA	trials bikes	2
BSA	unit-construction engines	2
BSA	way British manufacturers	2
BSA	wayside	2
BSA	well-known makes	2
BSA	workplace basic skills	2
BSA	worldwide organisations	2
BSA	worthies	4
BSA	worthy	4
BSA Aquatics Instructor	certification	2
BSA Aquatics Instructor	while certification	2
BSA Cycles	British motor manufacturers	2
BSA Cycles	manufacturer	2
BSA Dandy	scooter	2
BSA Fast Track screening	England	4
BSA Gold Star	British post-war era	2
BSA Gold Star	era	2
BSA Gold Star	high-performance road machines	2
BSA Gold Star	machine	2
BSA Lifeguard	certification	2
BSA Lifeguard	while certification	2
BSA National Camp	Scouting events	2
BSA National Camp	event	2
BSA Rapid Ruster	machine	2
BSA Rapid Ruster	machines	2
BSA SURF INSTRUCTION	ACTIVITIES	2
BSA SURF INSTRUCTION	OUTDOOR ACTIVITIES	2
BSA Sample work	Affiliations	2
BSA Spitfire	high-performance road machines	2
BSA Spitfire	machine	2
BSA Standards Forum	Standards	2
BSA Starfire	merciless piss-taking	2
BSA Starfire	take	2
BSA Tahir	alleged associates	2
BSA Tahir	associate	2
BSA Taipei	hits record low	2
BSA Taipei	low	2
BSA Tower	condominium developments	2
BSA Tower	development	2
BSA Twin Towers	building	2
BSA Twin Towers	twin building	2
BSA chairperson Dali	tournament	2
BSA cookie information	browser	2
BSA in IMDM	culture media	2
BSA in IMDM	culture medium	2
BSA munitions factories	probable air-raid targets	2
BSA munitions factories	target	2
BSA publications	activities	2
BSA publications	activity	2
BSA singles	engine	2
BSA singles	engines	2
BSA study ABU DHABI	piracy	2
BSA study ABU DHABI	software piracy	2
BSA will	name	2
BSA will	names	2
BSAA	Associations	2
BSAC	agencies	6
BSAC	agency	12
BSAC	aid	2
BSAC	body	2
BSAC	club	4
BSAC	dive club	2
BSAC	dive organisations	2
BSAC	diving organisations	2
BSAC	diving qualifications	2
BSAC	educational products	2
BSAC	group	2
BSAC	groups	2
BSAC	list	2
BSAC	lists	2
BSAC	local clubs	2
BSAC	organisation	4
BSAC	organisations present	2
BSAC	particular sports	2
BSAC	present	2
BSAC	product	2
BSAC	qualification	2
BSAC	reference body	2
BSAC	sport	2
BSAC	student training aids	2
BSAC	training agencies	4
BSAC	training agency	2
BSAC Basic Nitox	So	6
BSAC Japan	franchise	2
BSAC Japan	franchises	2
BSAC Korea	franchise	2
BSAC Korea	franchises	2
BSAC Nitrox	National Instructor SDCs	2
BSAC Nitrox	SDCs	2
BSAC Sports Diver	equivalent levels	2
BSAC Sports Diver	level	2
BSAC courses	complete diving services	2
BSAC courses	service	2
BSAC expeditions	dive	2
BSAC expeditions	national diving	2
BSAC sports diver	Diving	2
BSAC's Practical Rescue Management	role	2
BSAC's official diving manuals	publication	2
BSAC's official diving manuals	publications	2
BSAD	Contact	2
BSAOC	FBHVC	2
BSAS Press Officer	contact	8
BSAS journal	journals	2
BSAVA	conference	6
BSAVA	group	2
BSAVA	groups	2
BSAVA	involvement	2
BSAVA	organisation	8
BSAVA	organisations	4
BSAVA	political involvement	2
BSAVA	support	2
BSAVA	veterinary conferences	6
BSAVA	veterinary organisations	2
BSAVA	welfare organisations	2
BSAVA Congress	activity	4
BSAVA Congress	promotional activities	4
BSAVE	format	2
BSAVE	formats	2
BSAVED	format	2
BSAVED	formats	2
BSAs	classic British motorcycles	2
BSAs	motorcycle	2
BSAs	police force	2
BSAs	police forces	2
BSAs	turnout	2
BSB	Likes	2
BSB	higher-profile series	2
BSB	item	4
BSB	member	2
BSB	members	2
BSB	production companies	4
BSB	production company	4
BSB	purchase items	4
BSB	series	4
BSB Croft Monday	Sheuch	2
BSB GP	day	2
BSB Knockhill	UK	2
BSB Knockhill Saturday	Sheuch	2
BSB Oulton Park Monday	Sheuch	2
BSB riders	World Championship events	2
BSB riders	event	2
BSB-NOAA	capability	2
BSB-NOAA	raster capability	2
BSBA	City	2
BSBA	Division offers majors	2
BSBA	Fort Smith	2
BSBA	Smith	2
BSBA	Watford City	2
BSBA	major	2
BSBA	program	2
BSBA	well degree programs	2
BSBC winners	issue	2
BSBC winners	week's issue	2
BSBH	band	2
BSBH	bands	2
BSBI	Action	6
BSBI	body	2
BSBI	national bodies	2
BSBI Atlases	Key schemes	12
BSBI Atlases	scheme	12
BSBI Local Change	Key schemes	16
BSBI Local Change	initiative	4
BSBI Local Change	scheme	16
BSBI atlases	Key schemes	4
BSBI atlases	initiative	4
BSBI atlases	scheme	4
BSBI local change	Key schemes	4
BSBI local change	scheme	4
BSBI may use	bodies	2
BSBI may use	body	2
BSC	Citigroup rivals	2
BSC	Lexington	2
BSC	NAME	2
BSC	aspect	2
BSC	aspects	2
BSC	award	2
BSC	body	4
BSC	businesses in Lexington	2
BSC	core-network equipment	2
BSC	course	2
BSC	equipment	2
BSC	full-time design course	2
BSC	graduation	2
BSC	media research agencies	2
BSC	non-seven layer protocol	2
BSC	on major users	2
BSC	protocol	2
BSC	regulatory bodies	2
BSC	relevant academic award	2
BSC	research agency	2
BSC	rival	2
BSC	state college	2
BSC	state colleges	2
BSC	user	2
BSC Brighton	English schools	14
BSC Brighton	school	14
BSC London	English schools	14
BSC London	school	14
BSC Multimedia Technology	degree course	2
BSC Multimedia Technology	full time undergraduate degree courses	2
BSC Oxford	English schools	14
BSC Oxford	school	14
BSC US Equity	Bear Stearns	2
BSC US Equity	Stearns	2
BSC Young Boys	club	4
BSC Young Boys	clubs	2
BSC Young Boys	domestic clubs	2
BSC Young Boys Bern	Tuesday	2
BSC Young Boys Bern	club	4
BSC Young Boys Bern	clubs	2
BSC Young Boys Bern	domestic clubs	2
BSC Young Boys Bern	on Tuesday	2
BSCAwards	qualification	2
BSCAwards	vocational qualifications	2
BSCB	disability rights groups	2
BSCB	group	2
BSCCO	High-temperature superconductors	2
BSCCO	ceramic cuprate superconductors	2
BSCCO	compound	4
BSCCO	compounds	4
BSCCO	superconductor	6
BSCCO	superconductors	2
BSCCO compounds	high-temperature superconductors	2
BSCCO compounds	superconductor	2
BSCH	international bank	2
BSCH	international banks	2
BSCH bank	Iraqi officials	2
BSCH bank	official	2
BSCI	exam	2
BSCI	four CCNP exams	2
BSCS	degree	2
BSCS	degrees	2
BSCS biology PSSC	disciplinary knowledge	2
BSCS biology PSSC	knowledge	2
BSCW	based models	2
BSCW	model	2
BSD	Academic licenses	2
BSD	Active Sports local authorities	2
BSD	Apple	2
BSD	BSD derivatives	2
BSD	BSD-Lite	4
BSD	Compliant operating systems	2
BSD	Developer rooms	4
BSD	Free UNIX variants	2
BSD	Google timelines	2
BSD	ISO image distribution	2
BSD	Lite	4
BSD	Microsoft	2
BSD	OSes	2
BSD	Official	2
BSD	POSIX-style operating systems	2
BSD	STREAMS	2
BSD	TCP	2
BSD	Tangerang	2
BSD	UNIX	4
BSD	UNIX platforms	2
BSD	UNIX-like operating systems	2
BSD	Unix	8
BSD	Unix flavours	2
BSD	Unix-like computer operating systems	2
BSD	Unix-like operating system	2
BSD	Unix-like operating systems	14
BSD	Unix-like platforms	4
BSD	Unix-like systems	12
BSD	Unix-type systems	2
BSD	Windows	2
BSD	above software	2
BSD	acronym	6
BSD	alternative	2
BSD	appliance	2
BSD	based operating system	2
BSD	based systems	2
BSD	branch	2
BSD	child	6
BSD	children	6
BSD	clone	2
BSD	competition	6
BSD	compliant operating systems	4
BSD	compliant platforms	4
BSD	computer operating systems	2
BSD	curse	2
BSD	curses	2
BSD	derivation	2
BSD	derivative	2
BSD	development project	2
BSD	distribution	2
BSD	environment	2
BSD	existing alternatives	2
BSD	flavour	2
BSD	follow	2
BSD	following operating systems	2
BSD	free Unix clones	2
BSD	free operating systems	2
BSD	free software licenses	2
BSD	free software projects	2
BSD	function	2
BSD	genetic derivations	2
BSD	guest OSes	2
BSD	guest operating systems	2
BSD	internet appliance	2
BSD	licence	2
BSD	license	16
BSD	licenses	8
BSD	local authorities	2
BSD	modern mainstream server operating systems	2
BSD	monolithic operating systems	2
BSD	multiple Unix-like operating systems	2
BSD	multitasking environments	2
BSD	nix platforms	2
BSD	on POSIX-style operating systems	2
BSD	on Unix variants	2
BSD	on Unix-like systems	4
BSD	on many operating systems	2
BSD	on many software systems	2
BSD	on open source operating systems	2
BSD	one	2
BSD	ones	2
BSD	open source development projects	2
BSD	open source licenses	2
BSD	open source software	4
BSD	open source systems	2
BSD	operating system	84
BSD	operating systems	30
BSD	operating systems when people	2
BSD	patient	4
BSD	people	2
BSD	perl	2
BSD	permissive licences	2
BSD	platform	18
BSD	platforms	6
BSD	product branches	2
BSD	project	2
BSD	room	4
BSD	rsync support	2
BSD	software	6
BSD	software platform	2
BSD	software platforms	2
BSD	software system	2
BSD	source	2
BSD	sources	2
BSD	support	2
BSD	system	30
BSD	systems	8
BSD	systems use operating systems	2
BSD	tested two volunteer patients	4
BSD	time	2
BSD	timeline	2
BSD	under licenses	2
BSD	use	2
BSD	variant	4
BSD	version	2
BSD	versions	2
BSD	vintage operating systems	2
BSD Documentation License	alternative licenses	2
BSD Documentation License	license	2
BSD Group	offering	2
BSD Group	quality management offerings	2
BSD License	institution	2
BSD License	institutions	2
BSD Plaza	Tangerang	2
BSD Unix	Unix systems	2
BSD Unix	host institutions	2
BSD Unix	institution	2
BSD Unix	system	2
BSD Unix operating system	open-source projects	2
BSD Unix operating system	project	2
BSD Unix operating systems	product	2
BSD Unix operating systems	well-known open-source products	2
BSD Unix systems	Unix-like operating systems	2
BSD Unix systems	operating system	2
BSD can	operating system	4
BSD can	platform independent operating systems	2
BSD can	platform-independent operating systems	2
BSD communities	press	2
BSD curses	variation	2
BSD curses	variations	2
BSD derivatives	operating system	4
BSD derivatives	operating systems	4
BSD descendants	platform	2
BSD descendants	platforms	2
BSD distributions	Operating Systems	4
BSD distributions	non-commercial operating systems	2
BSD distributions	operating system	2
BSD distributions	running Operating Systems	4
BSD family	Unix-like computer operating systems	2
BSD family	operating system	2
BSD http	license	2
BSD http	traditional open-source licenses	2
BSD license	free software licence	2
BSD license	licence	2
BSD license	permissive licenses	2
BSD license	well-known OSS license	2
BSD licenses	permissive licenses	2
BSD style licenses	licenses	2
BSD variants	UNIX-like operating systems	2
BSD variants	Unix-like operating systems	2
BSD variants	Unix-like systems	4
BSD variants	operating system	10
BSD variants	operating systems	4
BSD variants	own operating system	2
BSD variants	system	4
BSD vs	Situation	2
BSD vs	paact Situation	2
BSD's Ports	based software distribution systems	2
BSD's Ports	distribution system	2
BSD-like licenses	open-source software-license	2
BSD-style boot-loader options	boot-time options	2
BSD-style ptys	portability problems	2
BSD-style ptys	problem	2
BSDH	contact	2
BSDI	GPL Platform ports	2
BSDI	Unix	6
BSDI	port	2
BSDL	topics	2
BSDMall	site	2
BSDMall	sites	2
BSDS	BD	2
BSDi	on many system platforms	2
BSDi	platform	2
BSDs	OSes	4
BSDs	SIGINFO signal	2
BSDs	Unix-like operating systems	2
BSDs	Unix-like systems can	2
BSDs	Unixes	2
BSDs	can	2
BSDs	modern Unix-like OSes	2
BSDs	open source software	2
BSDs	operating system	6
BSDs	operating systems	4
BSDs	platform	4
BSDs	platforms	4
BSDs	procesor OSes	2
BSDs	signal	2
BSDs	software	2
BSE	Assurance Schemes Food scares	2
BSE	Brain diseases	2
BSE	British farming	2
BSE	COE	4
BSE	Crisil Listing	2
BSE	Diseases	2
BSE	Encephalopathies	2
BSE	Europe	2
BSE	Following food scares	2
BSE	Food scares	2
BSE	Incidents	2
BSE	Indian stock exchanges	2
BSE	Issues	2
BSE	Listing	2
BSE	MAFF	2
BSE	MSc Food safety issues	2
BSE	Meeting	2
BSE	Member	2
BSE	Modern problems	2
BSE	NSE	14
BSE	Prion Diseases Rosalind Ridley	2
BSE	Prion diseases	4
BSE	Publication Issues	2
BSE	Recent experiences	2
BSE	Recent food safety scares	2
BSE	Recent incidents	2
BSE	Ridley	2
BSE	SPS Meeting	2
BSE	Scares	4
BSE	Spongiform Encephalopathies	2
BSE	Street	2
BSE	TSE	4
BSE	TSE diseases	2
BSE	TSE strains	2
BSE	TSEs	6
BSE	action	2
BSE	addressing issues	2
BSE	affected UK agriculture	6
BSE	agent	2
BSE	agricultural disaster	2
BSE	agriculture	6
BSE	all kinds of disease	2
BSE	amyloid diseases Diseases	2
BSE	animal	12
BSE	animal diseases	6
BSE	animal farming	2
BSE	animal health problems	2
BSE	animals	6
BSE	area	4
BSE	areas	4
BSE	aspect	2
BSE	aspects	2
BSE	blow	2
BSE	blows	2
BSE	bourses	2
BSE	brain disease	8
BSE	brain diseases	4
BSE	brain infections	2
BSE	breakdown	2
BSE	breast	2
BSE	breasts	2
BSE	business school	2
BSE	business schools	2
BSE	case study	2
BSE	cattle	2
BSE	cause diseases	2
BSE	causes diseases	2
BSE	citation guides	2
BSE	committee	2
BSE	compensation	6
BSE	concerning health scares	2
BSE	consumer issues	2
BSE	contributory factors	2
BSE	controversies	4
BSE	controversy	20
BSE	crises	8
BSE	crises in farming	4
BSE	crisis	22
BSE	current problems	2
BSE	deadly disease	2
BSE	deadly diseases	2
BSE	deadly infections	2
BSE	debating issues	2
BSE	degenerative brain diseases	2
BSE	demanding following health scares	4
BSE	devastating events	2
BSE	difficult times	2
BSE	disaster	26
BSE	disasters	12
BSE	disciplinary case studies	2
BSE	discrete risks	2
BSE	disease	92
BSE	diseases	44
BSE	emerging disease	2
BSE	emerging diseases	2
BSE	encephalopathy	12
BSE	environmental crisis	6
BSE	environmental issue	2
BSE	environmental issues	2
BSE	epidemic	6
BSE	epidemics	2
BSE	epizootic diseases	4
BSE	event	6
BSE	exchange	2
BSE	existing exchanges	2
BSE	experience	4
BSE	explanation	2
BSE	factor	2
BSE	farm	10
BSE	fear	2
BSE	financial institution	2
BSE	following committees	2
BSE	following experiences	2
BSE	following public health disasters	2
BSE	food	4
BSE	food poisoning	2
BSE	food safety crises	2
BSE	food safety disasters	4
BSE	food safety issues	2
BSE	food scare	18
BSE	food scares	16
BSE	free from diseases	2
BSE	full	2
BSE	function in prion diseases	2
BSE	general	2
BSE	global meat fears	2
BSE	global models	2
BSE	guide	2
BSE	hazard	8
BSE	hazards	4
BSE	headline grabbing issues	4
BSE	health hazard	4
BSE	health hazards	2
BSE	health problem	2
BSE	health risk	2
BSE	health risks	2
BSE	hereditary neurodegenerative disorders	2
BSE	hormone	2
BSE	hormones	2
BSE	hot topic	2
BSE	hysteria surrounding	2
BSE	importance	2
BSE	important issue	10
BSE	incident	2
BSE	incubation period	2
BSE	index	2
BSE	indices	2
BSE	infection	4
BSE	infectious disease	2
BSE	infectious diseases	2
BSE	infective material	4
BSE	information	2
BSE	instance	4
BSE	instances	4
BSE	intangible human risk	2
BSE	interest	2
BSE	issue	86
BSE	issues	22
BSE	leading financial institutions	2
BSE	legal issue	2
BSE	livestock diseases	2
BSE	material	4
BSE	matter	4
BSE	matters	2
BSE	matters in general	2
BSE	may affect food	4
BSE	minor breakdowns	2
BSE	model	2
BSE	modern age	2
BSE	multi-party actions	2
BSE	mutual interest	2
BSE	national disasters	2
BSE	neurodegenerative disease	2
BSE	neurodegenerative diseases	2
BSE	neurodegenerative disorder	2
BSE	new health hazards	2
BSE	news item	2
BSE	news story	4
BSE	notifiable diseases	2
BSE	on Dalal Street	2
BSE	on a food hazard	2
BSE	on cattle compensation	6
BSE	on diseases	2
BSE	on hazards	2
BSE	on hot topics	2
BSE	on important issues	10
BSE	on issues	24
BSE	on particular food safety issues	2
BSE	on problems	2
BSE	on-going European news stories	2
BSE	ongoing European news stories	2
BSE	out in full	2
BSE	oxidative stress	2
BSE	pandemic	2
BSE	particular importance	2
BSE	past	4
BSE	pathogen	2
BSE	pathogens	2
BSE	plague	2
BSE	possible	2
BSE	poultry diseases	2
BSE	premature intervention in issues	4
BSE	previous health scares	2
BSE	previous mass pandemics	2
BSE	prion disease	16
BSE	prion diseases	14
BSE	problem	6
BSE	produce diseases	2
BSE	promotion	2
BSE	promotions	2
BSE	protein	4
BSE	public concern	2
BSE	quotation mark	12
BSE	quotation marks	12
BSE	reason	2
BSE	reasons	2
BSE	recent epidemics	4
BSE	recent health scares	4
BSE	recent times	2
BSE	related scandals	2
BSE	related topics	8
BSE	reveals why controversies	8
BSE	risk	4
BSE	risk issues	2
BSE	ruminant protein	4
BSE	safety issue	10
BSE	safety issues	2
BSE	safety scare	2
BSE	scandal	4
BSE	scandals	2
BSE	scandals in Europe	2
BSE	scare	14
BSE	scares	2
BSE	scientific controversies	8
BSE	scientific crises	2
BSE	scientific matters	2
BSE	scientific uncertainty	10
BSE	singular events	4
BSE	solution	2
BSE	specific issues	8
BSE	spongiform encephalopathies	10
BSE	spongiform encephalopathy	2
BSE	spongiform encephalopathy in animals	2
BSE	statutory diseases	2
BSE	stock exchange	2
BSE	strain	2
BSE	stress	2
BSE	successive governments over issues	2
BSE	surrounding	2
BSE	tackles farming	2
BSE	technological disasters	2
BSE	thing	2
BSE	threat	2
BSE	threats	2
BSE	through issues	2
BSE	time	4
BSE	topic	2
BSE	topical issues	6
BSE	topical news items	2
BSE	topics	8
BSE	transmissible diseases	2
BSE	uncertainty	10
BSE	understood food safety issues	2
BSE	upset	2
BSE	upsets	2
BSE	very long incubation periods	2
BSE	viral infection	2
BSE	viral infections	2
BSE	virulent disease	2
BSE	virulent diseases	2
BSE	world	2
BSE	zoonotic diseases	2
BSE Capital Goods	index	2
BSE Capital Goods	sector index	2
BSE EE	COE	2
BSE Enquiry	interested parties	2
BSE Enquiry	party	2
BSE Sensex	benchmark index	2
BSE Sensex	index	4
BSE Sensex	indices	2
BSE affect	infection	2
BSE affect	infections	2
BSE agent	priority	2
BSE crisis	Recent challenges	2
BSE crisis	agriculture	2
BSE crisis	area	2
BSE crisis	areas	2
BSE crisis	bruising encounters	2
BSE crisis	challenge	2
BSE crisis	crises	2
BSE crisis	encounter	2
BSE crisis	event	2
BSE crisis	events	2
BSE crisis	health issue	4
BSE crisis	health issues	4
BSE crisis	issue	4
BSE crisis	issues	2
BSE crisis	on issues	2
BSE crisis	problem	4
BSE crisis	problems	4
BSE crisis	recent years	2
BSE crisis	year	2
BSE emergency measures	service	2
BSE emergency measures	services	2
BSE epidemic	disaster	2
BSE in cattle	Scares	2
BSE in cattle	TSEs	2
BSE in cattle	brain disease	2
BSE in cattle	brain diseases	2
BSE in cattle	brain infections	2
BSE in cattle	infection	2
BSE in cattle	mammal	6
BSE in cattle	mammals	6
BSE in cattle	prion disease	2
BSE in cattle	related animal diseases said	2
BSE in cattle	said	2
BSE in cattle	so-called prion diseases	2
BSE in cows	disease	2
BSE in cows	neurological TSE diseases	2
BSE outbreak	Recent factors	2
BSE outbreak	crises	2
BSE outbreak	crisis	2
BSE outbreak	factor	2
BSE policy	level	2
BSE policy	national level	2
BSE relief	achievement	2
BSE relief	achievements	2
BSE remain	diplomatic fights	4
BSE remain	fight	4
BSE scandal	countryside	2
BSE situation	risk studies	2
BSE situation	study	2
BSE surveillance	critical issues	2
BSE surveillance	issue	2
BSE tragedy	Events	2
BSE will he	issue	2
BSE will he	sensitive issue	2
BSE-family	disease	2
BSE-family	diseases	2
BSEC	economic partnership projects	2
BSEC	forum	2
BSEC	forums	2
BSEC	international organizations	6
BSEC	organisation	2
BSEC	organisations	2
BSEC	organization	6
BSEC	project	2
BSED	Dot	2
BSED	Ogden	2
BSED	South Ogden	2
BSED	degree course	2
BSED	undergraduate degree courses	2
BSEE	area of study	2
BSEE degree	subfield	2
BSEE degree	subfields	2
BSEED	course	2
BSEED	special courses	2
BSEN	European standard	2
BSEN	relevant European standards	2
BSEN	risk	4
BSES	Stocks	2
BSES	Youth exploration societies	2
BSES	blue chip	2
BSES	cap	2
BSES	caps	2
BSES	counter	2
BSES	counters	2
BSES	fresh positions in blue chips	2
BSES	gap year	2
BSES	power stock	2
BSES	society	2
BSES	stock	4
BSES	stocks	2
BSES	year	2
BSES Dahanu power	transaction	2
BSES Dahanu power	transactions	2
BSES Expeditions	run	2
BSES Expeditions	running	2
BSES Rajdhani Power	India	2
BSF	British fasteners	2
BSF	Grossen	2
BSF	Karl den Grossen	2
BSF	LEA levels	10
BSF	Rock	2
BSF	central govt	2
BSF	city	6
BSF	development	2
BSF	fastener	2
BSF	force	10
BSF	forces	2
BSF	government initiatives	2
BSF	govt	2
BSF	improve	12
BSF	initiative	2
BSF	letter	2
BSF	level	10
BSF	manage school projects	2
BSF	new major building projects	2
BSF	new schemes	2
BSF	official letters	2
BSF	paramilitary forces	8
BSF	programme	6
BSF	programmes	4
BSF	project	4
BSF	scheme	2
BSF	single government investment in improving	10
BSF	single investment in improving	2
BSF	single schools capital investment programme	2
BSF	strategic developments	2
BSF Capital Investment Programme	improve	2
BSF Capital Investment Programme	single government investment in improving	2
BSF NEW DELHI	year	2
BSF chiefs	Bangladesh	2
BSF chiefs	Indian officials visiting Bangladesh	2
BSF inspector	senior officer	2
BSF inspector	senior officers	2
BSF jawans	lost five security personnel	2
BSF jawans	personnel	2
BSF official said	civilian	2
BSF official said	civilians	2
BSF personnel	people	2
BSF personnel	policeman	2
BSF personnel	policemen	2
BSF troopers	people	6
BSFA	topics	2
BSFA Award	award	2
BSFA Award	awards	2
BSFA Ian McDonald	GoH	4
BSFC Award	Film Critics	2
BSFE	world	2
BSG	Professional bodies	2
BSG	body	2
BSG	contact	2
BSG	here	2
BSG	key channel partners	2
BSG	partner	2
BSG	place	2
BSG	programmes here	2
BSG	show	2
BSG Conference Administrator	Contact	2
BSG Corporation	private companies	2
BSG Corporation	private company	2
BSG Sachsenring Zwickau	Oberliga sides	2
BSG Sachsenring Zwickau	side	2
BSG Stahl Lippendorf	Byes	2
BSG Stahl Riesa	Oberliga sides	2
BSG Stahl Riesa	side	2
BSG can help	advanced virtualisation technologies	2
BSG can help	technology	2
BSH	industrial sectors	2
BSH	sector	2
BSHAA	Contact	2
BSHS Newsletter	Viewpoint	2
BSHS Newsletter	medicine Viewpoint	2
BSI	Bodies	2
BSI	Name Certification Bodies	2
BSI	RB	2
BSI	STANDARDS	2
BSI	Standards	4
BSI	agency	2
BSI	bank	2
BSI	bodies	6
BSI	body	38
BSI	bookstore	2
BSI	business	2
BSI	can	2
BSI	certification bodies	2
BSI	clinical trial	2
BSI	clinical trials	2
BSI	companies	2
BSI	company	2
BSI	engineering	2
BSI	evacuation	6
BSI	fire safety engineering	2
BSI	follow	2
BSI	follows	2
BSI	formal organisations	4
BSI	government bodies	2
BSI	government body	2
BSI	independent	2
BSI	industry bodies	2
BSI	institution	2
BSI	international investor	2
BSI	international investors	2
BSI	international standards	2
BSI	international standards bodies	4
BSI	international standards organisations	4
BSI	level	2
BSI	levels	2
BSI	local businesses	2
BSI	national member bodies	2
BSI	national standardization organizations	2
BSI	national standards	2
BSI	national standards body	2
BSI	national standards body independent	2
BSI	national standards organisation	2
BSI	national standards-making body	4
BSI	official bodies	2
BSI	official body	2
BSI	on certification bodies	2
BSI	organisation	14
BSI	organisations	2
BSI	organization	4
BSI	party certification body	2
BSI	publisher	2
BSI	publishers	2
BSI	safety standards	2
BSI	source	4
BSI	sources	4
BSI	stakeholder	2
BSI	stakeholders	2
BSI	standard	6
BSI	standard agencies	2
BSI	standards	2
BSI	standards bodies	8
BSI	standards organizations	2
BSI	successful market leading organisations	2
BSI	test fees can	2
BSI	third party certification bodies	2
BSI	through accreditation bodies	2
BSI	user	2
BSI	users	2
BSI	usual safety standards	2
BSI	vendor	2
BSI	vendors	2
BSI BASLE	market	2
BSI BASLE	world loans market	2
BSI Date	Publishers	6
BSI Design Award	award	2
BSI Design Award	awards	2
BSI Group	agency	2
BSI Group	safety standards agencies	2
BSI ISO	Accreditations	2
BSI International	CONTACT	2
BSI International	IMMEDIATE RELEASE CONTACT	2
BSI Italia	June	2
BSI Management Systems	authorized training partners	2
BSI Management Systems	partner	2
BSI PAS minimum	industry	2
BSI QA	company	2
BSI QA	independent third party certification companies	2
BSI Simian	computer automation systems	2
BSI Simian	system	2
BSI approval delays	FM	2
BSI approval delays	circumstances beyond FM	2
BSI committee work	matter	4
BSI committee work	process matters	4
BSI kite mark	use	2
BSI national adoptions	British Standards Institution	2
BSI national adoptions	Institution	2
BSI offer	bodies	2
BSI offer	body	2
BSI publications	issue	2
BSI publications	issues	2
BSI sale	factor	4
BSI sale	special factors	4
BSI standard	wear	2
BSI version	abbreviation	2
BSI version	use standard abbreviations	2
BSI's PAS	service standards	2
BSI's PAS	standard	2
BSI-Banca della Svizzera Italiana	LEAD	2
BSIA	BSIA contact	2
BSIA	contact	2
BSIA	organisation	2
BSIA	regulation	2
BSIA	trade organisation	2
BSIA	working time regulations	2
BSIA Cash	Information	2
BSID	Abbreviations	2
BSID	Iron Abbreviations	2
BSID	formal research meetings	2
BSID	meeting	2
BSIM	model	2
BSIM	specific transistor models	2
BSIP	Press contact	2
BSIP	contact	2
BSIT	degree	2
BSIT	degrees	2
BSJA	contact	2
BSJA Show jumping	ponies	2
BSJA Show jumping	pony	2
BSK	one	2
BSK	prominent ones	2
BSK	series	2
BSK Slavonski Brod	club	2
BSK Slavonski Brod	clubs	2
BSKYB	D market	2
BSKYB	commercial digital service providers	2
BSKYB	market	2
BSKYB	organisation	4
BSKYB	organisations	4
BSKYB	service provider	2
BSL	British Sign Language	2
BSL	Cc	2
BSL	Contact	2
BSL	Deaf people	2
BSL	Keywords	2
BSL	Next Steps Cc	2
BSL	Sign Language	2
BSL	activities	2
BSL	activity	2
BSL	biocontainment suites	2
BSL	communication methods	2
BSL	communication skill	4
BSL	communication skills	4
BSL	communication support services	2
BSL	community languages	2
BSL	course	2
BSL	following languages	2
BSL	form	2
BSL	format	2
BSL	forms	2
BSL	genuine sign language	2
BSL	group	2
BSL	groups	2
BSL	information	2
BSL	language	10
BSL	languages	2
BSL	method	2
BSL	minority language	2
BSL	minority languages	2
BSL	official languages	2
BSL	organisation	2
BSL	packs in formats	2
BSL	people	2
BSL	private sector organisations	2
BSL	professional	2
BSL	professionals	2
BSL	provision	2
BSL	related resources	2
BSL	resource	2
BSL	short courses	2
BSL	sign language	6
BSL	specialist subject	2
BSL	specific sign languages	2
BSL	stockist	2
BSL	stockists	2
BSL	subject	2
BSL	suite	2
BSL	support services	2
BSL	time	2
BSL	times	2
BSL Brammer	distributor	2
BSL Eng	company	2
BSL Eng	international companies	2
BSL Interpreters	form	2
BSL Interpreters	forms	2
BSL Linguistics	training course	2
BSL Linguistics	training courses	2
BSL School Project Manager	Contact	2
BSL curricula	element	2
BSL curricula	elements	2
BSL interpretation	communication support	2
BSL interpretation	support	2
BSL interpreter	culture	2
BSL interpreters	Special facilities	2
BSL interpreters	book communication support	2
BSL interpreters	facility	2
BSL interpreters	service	2
BSL interpreters	services	2
BSL interpreters	specialist support	2
BSL interpreters	support	4
BSL interpreters	support workers	2
BSL interpreters	worker	2
BSL interpreting	course	2
BSL interpreting	short courses	2
BSL level	course	2
BSL level	courses	2
BSL material	element	2
BSL material	elements	2
BSL may	term	2
BSL may	terms	2
BSL recordings	translation	2
BSL recordings	translations	2
BSL sample section	feature	2
BSL sample section	interesting features	2
BSL sign language video	format	4
BSL sign language video	formats	4
BSL signs	resource	2
BSL signs	resources	2
BSL training	hard of hearing people	4
BSL training	people	4
BSL tuition	external' provisions	2
BSL tuition	provision	2
BSL users	Hearing Impairment	2
BSL-4 laboratories	United States	2
BSLA	Japan	2
BSLS	Bay	2
BSLS	Canyon Creek	2
BSLS	City	2
BSLS	Collins	2
BSLS	Coos Bay	2
BSLS	County	2
BSLS	Creek	2
BSLS	Fort Collins	2
BSLS	Hole	2
BSLS	Idaho Springs	2
BSLS	Jackson Hole	2
BSLS	Japan	2
BSLS	Orange County	2
BSLS	Springs	2
BSLS	Sun City	2
BSM	AVIVA plc	2
BSM	Co-medalists	2
BSM	advanced teaching aids	2
BSM	agencies	2
BSM	agency	2
BSM	athlete	2
BSM	brand	2
BSM	company	2
BSM	establishment	2
BSM	high-profile company	2
BSM	medalist	2
BSM	plc	2
BSM	private companies	2
BSM	private company	2
BSM	show	2
BSM	teaching aid	2
BSM	time	2
BSM	training establishments	2
BSM Driving	high street retailers	2
BSM Driving	retailer	2
BSM Motoring	travel service	2
BSM Motoring	travel services	2
BSM National Club	initiative	2
BSM National Club	training launching initiatives	2
BSM may	obligation	2
BSM may	obligations	2
BSM representatives	broad motoring interests	2
BSM representatives	interest	2
BSM's Education Manager	after speaker	2
BSM's Education Manager	speaker	2
BSME	degree	2
BSME	following degrees	2
BSMEM	Software packages	2
BSMI	Certificate	2
BSMI	g Certificate	2
BSMI	government agency	4
BSMI	related government agencies	4
BSMI Taipei	ON INFORMATION PRODUCTS	2
BSMI Taipei	PRODUCTS	2
BSML	application	2
BSML	bioinformatics applications	2
BSMS	Contact	26
BSMS	Ends Contact	6
BSMS	NOTE	2
BSN	Debra Hensley	2
BSN	Facilitator	2
BSN	Hensley	2
BSN	LSE	2
BSN	companies	2
BSN	company	2
BSN	program	2
BSN	programs	2
BSN Groupe	LEAD	2
BSN Holdings	companies	2
BSN Holdings	company	2
BSN Junior School Diamanthorst	schools in total	2
BSN Junior School Diamanthorst	total	2
BSN Junior School Leidschenveen	schools in total	2
BSN Junior School Leidschenveen	total	2
BSN Junior School Vlaskamp	schools in total	2
BSN Junior School Vlaskamp	total	2
BSN Program	collegiate	2
BSN Senior School	schools in total	2
BSN Senior School	total	2
BSN Sleep	Speaker	2
BSN basketball counterpart	sponsored local sports teams	2
BSN basketball counterpart	team	2
BSNL	Cellular providers	2
BSNL	Central government offices	2
BSNL	Central government organisations	2
BSNL	GSM operator	2
BSNL	Hinjilicut	2
BSNL	ISPs	4
BSNL	India	4
BSNL	Mobile Service Providers in Hinjilicut	2
BSNL	Operators	4
BSNL	Telecom Operators	4
BSNL	Telecommunications	2
BSNL	Top Indian mobile operators	2
BSNL	bandwidth providers	4
BSNL	bank	2
BSNL	banking	2
BSNL	base	2
BSNL	building	2
BSNL	cell phone companies	4
BSNL	cellular telephone service providers	2
BSNL	city	4
BSNL	companies	2
BSNL	company	10
BSNL	contributor	2
BSNL	firm	4
BSNL	firms	2
BSNL	fixed landline players	2
BSNL	fixed line operators	2
BSNL	government office	2
BSNL	integrated telecom companies	2
BSNL	landline companies	2
BSNL	landline operator	2
BSNL	leading operators	2
BSNL	mobile operators	4
BSNL	mobile phone companies	2
BSNL	mobile service providers	2
BSNL	mobile-phone companies	2
BSNL	operator	16
BSNL	operators	2
BSNL	organisation	2
BSNL	phone company	8
BSNL	player	2
BSNL	provider	14
BSNL	providers	2
BSNL	public buildings	2
BSNL	public telecom firms	2
BSNL	sector	2
BSNL	sectors	2
BSNL	service provider	10
BSNL	service providers	4
BSNL	state	2
BSNL	strong client base	2
BSNL	telecom companies	4
BSNL	telecom providers	2
BSNL	telecom service providers	2
BSNL	telecommunications services provider	2
BSNL Cellone	carrier	2
BSNL Cellone	carriers	2
BSNL telephone exchange	government office	2
BSNL telephone exchange	government offices	2
BSNS	budget	2
BSNS	school budgets	2
BSO	cinema	12
BSO	crystal	2
BSO	ensemble	2
BSO	ensembles	2
BSO	guest-conduct major US orchestras	4
BSO	orchestra	4
BSO	organization	4
BSO	organizations	2
BSO	photorefractive crystal	2
BSO	prestigious arts organizations	2
BSO BSO	crystal	2
BSO BSO	photorefractive crystal	2
BSO principal guest conductor	Prestige artists	2
BSO principal guest conductor	artist	2
BSOD	issue	2
BSOD	issues	2
BSOD if	bug	2
BSOD if	few bugs	2
BSOUP Magazine	Video press	2
BSOUP Magazine	press	2
BSP	Back office	2
BSP	CANADIAN EQUITY MOVERS	2
BSP	Communist Parties	2
BSP	Communist Party	2
BSP	Front	2
BSP	MOVERS	2
BSP	Monitoring	4
BSP	Rehab	4
BSP	SP	2
BSP	Say in Rehab	4
BSP	Third Front	2
BSP	Yearly Monitoring	4
BSP	art rendering systems	2
BSP	central bank	2
BSP	component	2
BSP	economic team	2
BSP	established independent parties	2
BSP	frustrated when rival parties	2
BSP	grouping	2
BSP	independent central bank	2
BSP	non-Congress parties	2
BSP	notebook	4
BSP	own champion in parties	2
BSP	parties	2
BSP	party	10
BSP	programme	2
BSP	regional groupings	2
BSP	single programme	2
BSP	story	2
BSP	system	2
BSP	team	2
BSP Exec	Bank Run	2
BSP Exec	Orient Bank Run	2
BSP Reporting	requirement	20
BSP Reporting	travel requirements	20
BSP brushes will	actor	2
BSP brushes will	actors	2
BSP candidate	Garhwal	2
BSP candidate	Tehri Garhwal	2
BSP chief	UPA allies	2
BSP chief	ally	2
BSP model	Computational bridging models	2
BSP tree	tree structure	2
BSP tree	tree structures	2
BSP will	non-Congress parties	2
BSP will	party	2
BSP-tree	hierarchical structures	2
BSP-tree	structure	2
BSPA George	kind	2
BSPE	SCHMIRLER	2
BSPED	body	2
BSPED	relevant bodies	2
BSPMaster	component	2
BSPMaster	components	2
BSPP	meeting	2
BSPP	organisation	2
BSPP	organisations	2
BSPP	previous meetings	2
BSPP	societies	2
BSPP	society	2
BSPP Undergraduate Vacation	BioCISE	2
BSPP in initiating	professional society	2
BSPP in initiating	society	2
BSPS Summer Champs	out	4
BSPS Summer Champs	time out	4
BSPS Training Consultancy	Course Leaders	2
BSPS Training Consultancy	Leaders	2
BSR	organization	2
BSR	organizations	2
BSR McDonald	era	2
BSR XIXth Annual General Meeting	Award	2
BSR XIXth Annual General Meeting	Young Investigator Award	2
BSR XVIIIth Annual General Meeting	funded work	2
BSR XVIIIth Annual General Meeting	work	2
BSR guidelines	authoritative sources	4
BSR guidelines	source	4
BSR service station	building	2
BSR service station	buildings	2
BSRG	Bessa	2
BSRG	Julian Bessa	2
BSRI	gender	2
BSRIA	Key Reading	2
BSRIA	London Speakers	2
BSRIA	Reading	2
BSRIA	Speakers	2
BSRIA	association	2
BSRIA	august bodies	2
BSRIA	body	2
BSRIA	company	2
BSRIA	competent testing company	2
BSRIA	construction research associations	2
BSRIA	market survey	2
BSRIA	market surveys	2
BSRIA	organisation	8
BSRIA	organisations	4
BSRIA	research organisations	4
BSRIA work	institution	2
BSRIA work	makes institutions	2
BSRM	London	4
BSRN	based instruments	2
BSRN	field campaign programs	2
BSRN	instrument	2
BSRN	program	2
BSRPC	Professional institutions	2
BSRPC	institution	2
BSS	Prime Standard	2
BSS	STAs	2
BSS	Standard	2
BSS	advanced digital controls	2
BSS	based analysis techniques	2
BSS	brand	2
BSS	business	2
BSS	civilians dead	2
BSS	companies	2
BSS	company	2
BSS	contact	2
BSS	control	2
BSS	countries	2
BSS	country	2
BSS	dead	2
BSS	design guides	2
BSS	distributor	2
BSS	distributors	2
BSS	girls' schools	2
BSS	guide	2
BSS	information contact	2
BSS	portal systems	2
BSS	satellite services	2
BSS	school	2
BSS	series	2
BSS	service	2
BSS	system	2
BSS	technique	2
BSS	word-class brands	2
BSS FDS	digital unit	2
BSS FDS	unit	2
BSS instrumental	movie	2
BSS sieve mesh size	mesh size	2
BSS system integration	solution	2
BSS system integration	solutions	2
BSSA	Clients	2
BSSA	Microsite Creation Clients	2
BSSAP	air interface protocols	2
BSSAP	protocol	2
BSST US Equity	company information	2
BSST US Equity	information	2
BST	Ambiguities Time designators	2
BST	Desigation	2
BST	See	4
BST	Time Desigation	2
BST	designator	2
BST	hormone	4
BST	hormones	4
BST	past	2
BST	second-hand shop in town	2
BST	town	2
BST level	experience	4
BST level	orthopaedic experience	4
BST-CarGel	innovation	2
BST-CarGel	strategic investments in innovations	2
BSTE	Nasdaq	6
BSTM	standard	2
BSTM	standards	2
BSTc	detailed structures	2
BSTc	structure	2
BSU	center	2
BSU	club	4
BSU	clubs	4
BSU	international cooperation center	2
BSU	organization	2
BSU	religious organization	2
BSU	religious organizations	2
BSU	student	2
BSU	student organizations	2
BSU Pyramids	Discovery Tour ref	2
BSU Pyramids	ref	2
BSUC students	third parties	2
BSUC students	third party	2
BSUHT	Contact	2
BSVX Index GPO	Index	2
BSVX Index GPO	Silicon Valley Index	2
BSW	based threads	2
BSW	thread	2
BSW tires	feature	2
BSW tires	features	2
BSX	EQUITY PREVIEW	2
BSX	PREVIEW	2
BSc	1440-45 Researcher	2
BSc	ACTION	4
BSc	Account Manager DESCRIPTION	4
BSc	Acting secretary	2
BSc	Administrator Patron	2
BSc	Advisory committee	2
BSc	Akinsanya	2
BSc	Alan Massey	2
BSc	Alic Bowen	2
BSc	Altre qualifiche	2
BSc	Andere kwalificaties	2
BSc	Area Sales Manager DESCRIPTION	2
BSc	Assessors	2
BSc	Author	4
BSc	Author details	2
BSc	Author's details	2
BSc	Authors	2
BSc	BBB	2
BSc	Bachelor degrees	4
BSc	Bachelors degrees	2
BSc	Background	8
BSc	Biological Sciences Head	2
BSc	Biosciences	2
BSc	Birds Tutor	2
BSc	Botany Group Chairman	2
BSc	Bowen	2
BSc	Business DEvelopment Director DESCRIPTION	2
BSc	Business Development Executive DESCRIPTION	2
BSc	Business Unit Manager DESCRIPTION	2
BSc	CEng FBCS Education	2
BSc	CRA II DESCRIPTION	2
BSc	Campus	4
BSc	Canterbury Chancellor	2
BSc	Ceramic Science Academic Background	2
BSc	Chairman	2
BSc	Chancellor	2
BSc	City Campus	2
BSc	Clinical Development Manager DESCRIPTION	2
BSc	Clinical Operations DESCRIPTION	2
BSc	Clinical Operations Manager DESCRIPTION	2
BSc	Clinical Programme Manager DESCRIPTION	6
BSc	Clinical QA DESCRIPTION	2
BSc	Clinical Research Manager DESCRIPTION	2
BSc	College	2
BSc	Columbia alumni	2
BSc	Communication Studies Head	2
BSc	Company Secretary	2
BSc	Contact Name	2
BSc	Council	2
BSc	Course Director	2
BSc	Course Leaders	4
BSc	Course Tutor	2
BSc	Course convener	2
BSc	DESCRIPTION	70
BSc	Dean	6
BSc	Degrees	6
BSc	Development Studies Head	2
BSc	Dinosaurs	2
BSc	Director	4
BSc	Director of Studies	6
BSc	Directors of Studies	2
BSc	Donaldson	2
BSc	Dr Barley Norton	2
BSc	Drug Safety Officer DESCRIPTION	2
BSc	EXPERIENCE	2
BSc	Editors	2
BSc	Education	4
BSc	Elliott	4
BSc	European Baccalaureate	2
BSc	European Product Manager DESCRIPTION	4
BSc	Feathery Dinosaurs	2
BSc	Fellow	2
BSc	Fellows	2
BSc	Ferrous Metallurgy Academic Background	2
BSc	Fish MBE Station Manager	2
BSc	Full-time admissions inquiries	4
BSc	General psychology programme inquiries	4
BSc	Gown	2
BSc	Graduate degree	2
BSc	Grantholder	2
BSc	Head	12
BSc	Head of Department	4
BSc	Health	2
BSc	Health Sciences Dean	2
BSc	Higher Education	2
BSc	Hon Secretary	2
BSc	Honorary Treasure	2
BSc	Honours	4
BSc	Honours degree	2
BSc	Imperial College	2
BSc	Information Systems	10
BSc	Information Technology Services Director	2
BSc	International Product Manager DESCRIPTION	2
BSc	KIRKBY	2
BSc	Law Dean	2
BSc	Lead Lecturer	6
BSc	Leader	4
BSc	Leaders	8
BSc	Lecturer	8
BSc	London Helen Elliott	4
BSc	M L Donaldson	2
BSc	Management Head	2
BSc	Manager	2
BSc	Massey	2
BSc	Materials Academic Background	2
BSc	Mathematics Head	2
BSc	Memberships Qualifications	2
BSc	Midwife status	2
BSc	Minute	12
BSc	Module Leader	4
BSc	Module Leaders	2
BSc	NAME	6
BSc	Name	2
BSc	Norton	2
BSc	Notes Education	2
BSc	Ombudsman Professional Assessors	2
BSc	Patron	2
BSc	Principal	2
BSc	Product Manager DESCRIPTION	2
BSc	Professor Justus Akinsanya	2
BSc	Program Leader DESCRIPTION	2
BSc	Programmes	4
BSc	Project Associate DESCRIPTION	2
BSc	Project Manager DESCRIPTION	6
BSc	Projects	2
BSc	Psychology Head	2
BSc	Publicity	2
BSc	QA Auditor DESCRIPTION	4
BSc	Qualifications	36
BSc	Researcher	2
BSc	Role	2
BSc	STAFF North Campus	2
BSc	Secretary	2
BSc	Senate	2
BSc	Senior CRA DESCRIPTION	2
BSc	Senior International Operations Manager DESCRIPTION	2
BSc	Senior Lecturers	2
BSc	Senior Product Manager DESCRIPTION	2
BSc	Senior Project Manager DESCRIPTION	2
BSc	Site interpretation Staff	2
BSc	Southampton Qualifications	2
BSc	Speaker	2
BSc	Special Minute	12
BSc	Specialists	4
BSc	Staff	4
BSc	Staff Details Head of Department	4
BSc	Staff Library Manager	2
BSc	Station Manager	2
BSc	Teaching Academic Background	2
BSc	Teaching Dean	2
BSc	Technical Manager DESCRIPTION	2
BSc	Technical Sales Specialist DESCRIPTION	2
BSc	Technical Services Manager DESCRIPTION	2
BSc	Technical Support DESCRIPTION	2
BSc	Treasure	2
BSc	Trusts Qualifications	2
BSc	Tutor	6
BSc	Tutors	2
BSc	Undergraduate Degrees	2
BSc	Undergraduate Programmes	4
BSc	Undergraduate courses	2
BSc	User accounts	2
BSc	Workshop Leaders	2
BSc	Years Qualifications	2
BSc	account	2
BSc	alumnus	2
BSc	award	2
BSc	award degrees	2
BSc	bachelor's degree	2
BSc	broad subject areas	2
BSc	broader qualifications	2
BSc	c ontact	2
BSc	complete a course	4
BSc	conference press pack	2
BSc	contact	2
BSc	convener	2
BSc	convergent technologies	2
BSc	course	16
BSc	courses	4
BSc	cross-University validations	2
BSc	degree	64
BSc	detail	4
BSc	diploma	2
BSc	editor	4
BSc	education history	6
BSc	example	4
BSc	experience	2
BSc	extra qualifications	2
BSc	faculty	2
BSc	final award	2
BSc	final year projects	2
BSc	first degree	14
BSc	first degree qualifications	2
BSc	following degrees	2
BSc	following qualifications	2
BSc	foreign diploma	2
BSc	higher qualification	4
BSc	history	6
BSc	holds three degrees	2
BSc	inquiry	8
BSc	kwalificaties	2
BSc	level	2
BSc	liberal art	2
BSc	list Computer Science Director of Studies	2
BSc	list Geography Director of Studies	2
BSc	modular courses	2
BSc	name	2
BSc	ontact	2
BSc	opportunity	2
BSc	part time degrees	2
BSc	poet	2
BSc	possessed a degree	2
BSc	post graduate courses	2
BSc	postgraduate levels	2
BSc	press pack	2
BSc	professional qualifications	2
BSc	program	2
BSc	programme	8
BSc	programmes	8
BSc	programs	2
BSc	progression opportunities	2
BSc	project	2
BSc	punctuation	2
BSc	qualification	24
BSc	qualifications	8
BSc	qualifiche	2
BSc	same faculty	2
BSc	secretary	2
BSc	standard Bachelors Gown	2
BSc	status	2
BSc	subject area	2
BSc	teaching	2
BSc	technology	2
BSc	title	2
BSc	traditional liberal arts	2
BSc	training	2
BSc	uk Qualifications	2
BSc	undergraduate degree	6
BSc	undergraduate degrees	4
BSc	validation	2
BSc	year IEng degree	4
BSc	years Qualifications	2
BSc An introduction	Hedgerows Tutor	2
BSc An introduction	Tutor	2
BSc BVetMed PhD	BCF Technology TUTORS	2
BSc BVetMed PhD	TUTORS	4
BSc BVetMed PhD	Vet Recruitment TUTORS	2
BSc Biochemist	DESCRIPTION	4
BSc Biochemist	Life Science Sales Representative DESCRIPTION	2
BSc Biochemist	Support Specialist DESCRIPTION	2
BSc Biochemistry	Commercial Trainee DESCRIPTION	2
BSc Biochemistry	DESCRIPTION	4
BSc Biochemistry	Trainee Sales DESCRIPTION	2
BSc Biological Sciences	Previous profiles	4
BSc Biological Sciences	course	2
BSc Biological Sciences	profile	4
BSc Biological Sciences	related courses	2
BSc Biology	DESCRIPTION	4
BSc Biology	European Commercial Director DESCRIPTION	2
BSc Biology	Programme Manager DESCRIPTION	2
BSc Biomedical Science	CRA DESCRIPTION	2
BSc Biomedical Science	DESCRIPTION	4
BSc Biomedical Science	Medical Sales DESCRIPTION	2
BSc Biomedical Sciences	DESCRIPTION	2
BSc Biomedical Sciences	External DESCRIPTION	2
BSc Biomedical Sciences	course	2
BSc Biomedical Sciences	related courses	2
BSc Biotechnology	DESCRIPTION	2
BSc Biotechnology	UK Sales Manager DESCRIPTION	2
BSc Business Computing	final year	2
BSc Business Computing	year	2
BSc Business Studies	Eyers	2
BSc Business Studies	LUMS	2
BSc Business Studies	Nathan Eyers	2
BSc Chemistry	Canada Education	2
BSc Chemistry	Education	4
BSc Computer Forensics	course	2
BSc Computer Forensics	new courses	2
BSc Computer Games Development	course	2
BSc Computer Games Development	new courses	2
BSc Computer Science	Westminster	2
BSc Computer Science	course	2
BSc Computer Science	final year	2
BSc Computer Science	undergraduate courses	2
BSc Computer Science	year	2
BSc Computing	degree course	2
BSc Computing	degree courses	2
BSc Computing Science	Software	2
BSc Crime Scene Science	said	2
BSc Economics	English language proficiency requirements	2
BSc Economics	requirement	2
BSc Engineering Product	postgraduate programmes	2
BSc Engineering Product	programme	2
BSc Environmental Sciences	DESCRIPTION	2
BSc Environmental Sciences	Trainee Sales DESCRIPTION	2
BSc FCIS	Lalvani	2
BSc FCIS	Suresh Lalvani	2
BSc Genetics	DESCRIPTION	2
BSc Genetics	Field Applications DESCRIPTION	2
BSc Genetics	Qualifications	2
BSc Geography	on one main subject	2
BSc Geography	subject	2
BSc Herbal Medicine	Leader	2
BSc Herbal Medicine	Module Leader	2
BSc Honours Psychology	course	2
BSc Honours Psychology	courses	2
BSc Hons	Aeronautics	2
BSc Hons	Birmingham City Hospital Qualifications	2
BSc Hons	Board Members	2
BSc Hons	Chauffeur-gids Andere kwalificaties	2
BSc Hons	Conductores Otras cualificaciones	2
BSc Hons	Imperial College London Aeronautics	2
BSc Hons	Non-Executive Board Members	2
BSc Hons	Qualifications	4
BSc Hons	cualificaciones	2
BSc Hons	e	2
BSc Hons	es	2
BSc Hons	kwalificaties	2
BSc Hons	subject	2
BSc Hons	subjects	2
BSc Hons Physiotherapy	upper case	2
BSc Hons Sports	academic programme	2
BSc Hons Sports	academic programmes	2
BSc Human Nutrition	programme	4
BSc Human Nutrition	programmes	4
BSc Information Systems	Westminster	2
BSc Information Technology	course	2
BSc Information Technology	undergraduate courses	2
BSc Internet Computing	Westminster	2
BSc Logistics	Logistics specific degrees	2
BSc Logistics	degree	2
BSc MA CODE	Director	2
BSc MA CODE	Management Programme Director	2
BSc MBA	WHO	2
BSc Management	course	2
BSc Management	undergraduate course	2
BSc Marine Science	Degrees	2
BSc Marine Science	Undergraduate Degrees	2
BSc Mathematics	Education	2
BSc Mathematics	Qualifications	4
BSc Mathematics	Student profile	4
BSc Mathematics	degree	2
BSc Mathematics	friend Student profile	8
BSc Mathematics	hammer thrower Qualifications	2
BSc Mathematics	joint honours degree	2
BSc Mathematics	profile	12
BSc Maths	Honourss	4
BSc Maths	significant Joint Honourss	4
BSc Media Technology	Bradford's EIMC Department	2
BSc Media Technology	Department	2
BSc Medical Microbiology	DESCRIPTION	2
BSc Medical Microbiology	Medical Sales DESCRIPTION	2
BSc Medical Microbiology	University	2
BSc Medicinal Chemist	DESCRIPTION	2
BSc Medicinal Chemist	Product Manager DESCRIPTION	2
BSc Microbiology	DESCRIPTION	2
BSc Microbiology	Sales Representative DESCRIPTION	2
BSc Molecular Biology	Account Manager DESCRIPTION	2
BSc Molecular Biology	Commercial Trainee DESCRIPTION	4
BSc Molecular Biology	DESCRIPTION	8
BSc Molecular Biology	Product Specialist DESCRIPTION	2
BSc Money	Study	2
BSc Music Informatics	existing programmes	2
BSc Music Informatics	programme	2
BSc Nursing	Health Science	2
BSc Nursing	Science	2
BSc Nursing	course	4
BSc Nursing	eg	2
BSc Nursing	paramedical courses	4
BSc Nursing	practice eg	2
BSc Open	degree	2
BSc Open	undergraduate degree	2
BSc PhD	Director	2
BSc PhD	Methods Programme Director	2
BSc PhD CODE	Coordinator	2
BSc PhD CODE	International Management Programme Coordinator	2
BSc PhD CPhys	Engineering	2
BSc PhD CPhys	Materials Engineering	2
BSc PhD DEPARTMENT	Policy	2
BSc PhD DEPARTMENT	Rural Policy	2
BSc Pharmaceutical Sciences	DESCRIPTION	2
BSc Pharmacology	programme	2
BSc Pharmacology	specialised programme	2
BSc Philosophy	Dedicated undergraduate degree programmes	2
BSc Philosophy	programme	2
BSc Physical Geography	Qualifications	2
BSc Physical Geography	Renewable Qualifications	2
BSc Physics	DESCRIPTION	2
BSc Physics	Marketing Manager DESCRIPTION	2
BSc Physics	university	2
BSc Physiology	CRA DESCRIPTION	2
BSc Physiology	DESCRIPTION	4
BSc Physiology	Global Programme Leader DESCRIPTION	2
BSc Programmes	programme	2
BSc Programmes	programmes	2
BSc Queries If	Information Officer	2
BSc Queries If	MCLIP Information Officer	2
BSc Research Interests	Qualifications	2
BSc Software Design	degree course	2
BSc Software Design	full time undergraduate degree courses	2
BSc Software Engineering	Westminster	2
BSc Software Engineering	course	2
BSc Software Engineering	undergraduate courses	2
BSc Sports Science	course	2
BSc Sports Science	courses	2
BSc Supply Chain	course	2
BSc Supply Chain	part time courses	2
BSc Tourism Management	student	2
BSc Tourism Management	students	2
BSc Work	bracket	2
BSc Work	focus in brackets	2
BSc Working	degree	2
BSc Working	degrees	2
BSc Zoology	degree	2
BSc Zoology	single honours degrees	2
BSc degrees	qualification	2
BSc degrees	qualifications	2
BSc degrees	undergraduate degrees	2
BSc in Architecture	Cork	2
BSc in Architecture	University College Cork	2
BSc in Biochemistry	Birmingham	2
BSc in Biochemistry	Support Minimum requirements	2
BSc in Biochemistry	requirement	2
BSc in Biomedical Science	Cork	2
BSc in Biomedical Science	University College Cork	2
BSc in Business	School	2
BSc in Community	degree	2
BSc in Community Care	level	2
BSc in Community Care	postgraduate level	2
BSc in Computer Science	study	2
BSc in Economics	Education	2
BSc in Education	award	2
BSc in Education	awards	2
BSc in Hotel	Hotel Management	2
BSc in Hotel	Management	2
BSc in Medical	training course	2
BSc in Neuroscience	Bristol University	2
BSc in Neuroscience	University	2
BSc in Nursing	fee	2
BSc in Nursing	pay tuition fees	2
BSc in Physiology	Level Mathematics Academic Qualifications	2
BSc in Physiology	Qualifications	2
BSc in Quantity Surveying	qualification	2
BSc in Quantity Surveying	relevant qualifications	2
BSc in Radiography	fee	2
BSc in Radiography	pay tuition fees	2
BSc in Speech	fee	2
BSc in Speech	pay tuition fees	2
BSc in agriculture	degree	2
BSc in agriculture	degrees	2
BSc in marketing	Related courses	2
BSc in marketing	course	2
BSc single honour	Philosophy of Science	2
BScBITHons Professionalism	Course	2
BScBITHons Professionalism	IFILLJK Course	2
BScEcon	scheme	2
BScs	Medicine	2
BScs	group	2
BScs	sub-groups	2
BScs in Economics	degree subjects	2
BScs in Economics	subject	2
BSi	organisation	2
BSi	organisations	2
BSi Kitemark	approval	2
BSi Kitemark	carry third party approvals	2
BSi Kitemark	international safety approvals management	2
BSi Kitemark	management	2
BSkyB	Astra satellite	2
BSkyB	Australia	2
BSkyB	British media groups	2
BSkyB	Broadcasters	2
BSkyB	CONFIRMED EXHIBITORS	2
BSkyB	Caroline Kean	2
BSkyB	Companies	6
BSkyB	Critics	2
BSkyB	EXHIBITORS	2
BSkyB	European operators	2
BSkyB	European pay-TV companies	6
BSkyB	ITV	2
BSkyB	Kean	2
BSkyB	LONDON	2
BSkyB	Net	8
BSkyB	Source	2
BSkyB	UK	4
BSkyB	UK broadcasters	2
BSkyB	Vignette	2
BSkyB	alliance	2
BSkyB	associate	2
BSkyB	associates	2
BSkyB	background	2
BSkyB	backgrounds	2
BSkyB	base	2
BSkyB	blue-chip clients	4
BSkyB	brand	2
BSkyB	broadcaster	46
BSkyB	broadcasters	10
BSkyB	broadcasters outside ITV	2
BSkyB	channel	6
BSkyB	client	14
BSkyB	client listing	2
BSkyB	clients	6
BSkyB	club	2
BSkyB	commercial broadcasters	6
BSkyB	companies	20
BSkyB	company	34
BSkyB	company-earnings-BSkyB LONDON	2
BSkyB	competitor	6
BSkyB	corporate alliances	2
BSkyB	customer	2
BSkyB	customers	2
BSkyB	direct broadcast satellite providers	2
BSkyB	empire	2
BSkyB	entertainment industry	2
BSkyB	entrant	2
BSkyB	existing clients	2
BSkyB	firm	4
BSkyB	firms	4
BSkyB	franchise	2
BSkyB	funded competitors	2
BSkyB	growing TV empire	2
BSkyB	heavyweight	2
BSkyB	heavyweight organisations	2
BSkyB	heavyweights	2
BSkyB	high profile brands	2
BSkyB	hitter	2
BSkyB	hitters	2
BSkyB	holding	2
BSkyB	household name	2
BSkyB	household names	2
BSkyB	investor	10
BSkyB	investors	6
BSkyB	leading European companies	2
BSkyB	leading organisations	2
BSkyB	leading private European broadcasters	4
BSkyB	let investors	4
BSkyB	list	2
BSkyB	media group	2
BSkyB	media organisations	6
BSkyB	media stocks	2
BSkyB	multinational	2
BSkyB	multinationals	2
BSkyB	name	2
BSkyB	names	2
BSkyB	new clients	2
BSkyB	non-PSB broadcasters	2
BSkyB	offering	2
BSkyB	offerings	2
BSkyB	on broadcasters	2
BSkyB	on channels	2
BSkyB	on competitors	4
BSkyB	on platforms	2
BSkyB	on rivals	8
BSkyB	online publishers	2
BSkyB	operation	2
BSkyB	operator	12
BSkyB	organisation	16
BSkyB	organisations	2
BSkyB	parties	2
BSkyB	partner	2
BSkyB	party	2
BSkyB	pay-TV companies	2
BSkyB	pay-TV operator	2
BSkyB	pay-for-view broadcaster	4
BSkyB	performer	4
BSkyB	platform	2
BSkyB	player	2
BSkyB	players	2
BSkyB	provider	6
BSkyB	public sector organisations	2
BSkyB	publisher	2
BSkyB	publishing	2
BSkyB	rival	10
BSkyB	rivals	2
BSkyB	s leading organisations	2
BSkyB	s satellite television providers	2
BSkyB	satellite	2
BSkyB	satellite TV operations	2
BSkyB	satellite broadcaster	2
BSkyB	satellite broadcasters	8
BSkyB	satellite channels	4
BSkyB	satellite operators	4
BSkyB	satellite provider	2
BSkyB	say	2
BSkyB	says pay-TV operators	2
BSkyB	sector	2
BSkyB	service provider	2
BSkyB	service providers	2
BSkyB	shareholder	2
BSkyB	shareholders	2
BSkyB	soccer clubs	2
BSkyB	source	2
BSkyB	sources	2
BSkyB	sports broadcasters	2
BSkyB	stock	2
BSkyB	subscriber base	2
BSkyB	tech companies	2
BSkyB	technology partners	2
BSkyB	television broadcasters	2
BSkyB	television executives say	2
BSkyB	television holdings	2
BSkyB	video entertainment industry	2
BSkyB	world	2
BSkyB	world's leading television broadcasters	2
BSkyB abuses	companies	2
BSkyB abuses	company	2
BSkyB channel provider	consortium	2
BSkyB in Britain	Europe	2
BSkyB in Britain	broadcasting in Europe	2
BSkyB in Britain	new sales route	4
BSkyB in Britain	operator	4
BSkyB in Britain	route	4
BSkyB in Britain	satellite television operators	4
BSkyB in Britain	world	6
BSkyB in Europe	enterprise	4
BSkyB in Europe	s enterprises	4
BSkyB in pay-TV	player	8
BSkyB in pay-TV	players	8
BSkyB satellite broadcaster	company	6
BSkyB satellite broadcaster	private television companies	6
BSkyB stock	assets	2
BSkyB stock	billion in assets	2
BSkyB's Freesat	digital television platforms	2
BSkyB's Freesat	platform	2
BSkyB's ability	alliance	4
BSkyB's digital television broadcasts	interactive services	2
BSkyB's digital television broadcasts	service	2
BSkyBJapanese stocks gain	firm	4
BSkyBJapanese stocks gain	media firms	4
BSocSc	Education	2
BSocSci	following degree programmes	14
BSocSci	programme	14
BSport	RadioWorks radio stations	2
BSport	radio station	2
