ZN	Probes	2
ZN	Publications	2
ZN	Zielona G??ra	2
ZN	atomnames	2
ZN	metal cation Probes	2
ZNAMENSKOYE	hour	2
ZNAN	network	2
ZNAN	networks	2
ZNC	reference	2
ZNC	type reference	2
ZNCB	company	2
ZNCB	key companies	2
ZNF	expressed gene	2
ZNF	expressed genes	2
ZNFPC	existing infrastructure	2
ZNFPC	infrastructure	2
ZNFU	interested parties	4
ZNFU	party	4
ZNH	NYSE	2
ZNOC	Further privatisation	2
ZNOC	ailing parastatals	2
ZNOC	parastatals	2
ZNOC	privatisation	2
ZNP	number	2
ZNP	old unions	2
ZNP	sequential suffix number	2
ZNP	union	2
ZNTB	player	2
ZNTB	players	2
ZNet	European publications	2
ZNet	publication	6
ZNet	publications	4
ZNet	web site	2
ZNet	web sites	2
ZNet	website	2
ZNet	websites	2
