ZO	Deletes	2
ZO	Drum Programming	2
ZO	Keyboards	2
ZO	Programming	2
ZO	Riders	2
ZO	TJ proteins	2
ZO	band	2
ZO	junction protein	2
ZO	membrane protein	2
ZO	national touring bands	2
ZO	peripheral membrane proteins	2
ZO	protein	2
ZO	sports car	4
ZO	tight junction proteins	2
ZO	tribe	2
ZO	tribes	2
ZO	twenty-six Kamen Riders	2
ZO	world 's great sports cars	2
ZO	world's great sports cars	2
ZOA	Nearby venues	2
ZOA	conservative groups	2
ZOA	group	2
ZOA	ocean	2
ZOA	venue	2
ZOA Gallery	curator	2
ZOAD	Code Words	2
ZOB	letter	2
ZOB	letters	2
ZOC HARARE	athlete	2
ZOC HARARE	athletes	2
ZOC executive board meetings	activities	2
ZOC executive board meetings	activity	2
ZODB	solution	2
ZODIAC	craft	2
ZODIAC	inflatable craft	2
ZOE	Church Conservatory	2
ZOE	Conservatory	2
ZOE	Panellists	2
ZOE	block	2
ZOE	letter blocks	2
ZOE	novel	2
ZOE	novels	2
ZOELLICK	EDS	2
ZOEgirl	Karaoke	2
ZOEgirl	Open Mic Karaoke	2
ZOEgirl	artist	2
ZOEgirl	top artists	2
ZOG	band	2
ZOG	based bands	2
ZOG	hypertext programs	2
ZOG	program	2
ZOIDS	ANIME INFO	2
ZOIDS	INFO	2
ZOLDER	CYCLING	16
ZOLTEC	LOUIS STOCKS	4
ZOLTEC	STOCKS	4
ZOLTEK	LOUIS STOCKS	30
ZOLTEK	STOCKS	30
ZOMBIE CREEPING FLESH	effort	2
ZOMBIE CREEPING FLESH	efforts	2
ZOMBIES	BLOODTHIRSTY HELLIONS	2
ZOMBIES	HELLIONS	2
ZOMETA	bisphosphonates	6
ZOMETA	intravenous bisphosphonates	2
ZOMETA	patients taking bisphosphonates	2
ZOMM	leash	2
ZOMM	phone leash	2
ZOMO	Communist security services	2
ZOMO	service	2
ZON	3-8912 chip	2
ZON	chip	2
ZON Jr	credit card reading products	2
ZON Jr	product	2
ZONAGEN	F TEXAS STOCKS	2
ZONAGEN	STOCKS	4
ZONAGEN	TEXAS STOCKS	2
ZONAGEN LEAD INDEX	F TEXAS STOCKS	10
ZONAGEN LEAD INDEX	News Service TEXAS STOCKS	2
ZONAGEN LEAD INDEX	STOCKS	20
ZONAGEN LEAD INDEX	TEXAS STOCKS	8
ZONE	Location	4
ZONE	disparate works	2
ZONE	magazine	4
ZONE	magazines	4
ZONE	organization	2
ZONE	organizations	2
ZONE	work	2
ZONES Art Fair	December	2
ZONES CLICK HERE	MAP	2
ZONES CLICK HERE	ON A MAP	2
ZONG	cell phone operators	2
ZONG	commercial	2
ZONG	done many commercials	2
ZONG	operator	2
ZONGSHEN	famous motorcycle marks	2
ZONGSHEN	mark	2
ZONING	EDITORIAL	2
ZOO	MEXICO CITY	4
ZOO	lad's mags	2
ZOO	launch	4
ZOO	mag	2
ZOO	new magazine launches	4
ZOO	title	2
ZOO	titles	2
ZOO Boo Bash	annual event	2
ZOO Boo Bash	annual events	2
ZOO in Naples	52-acre Caribbean Gardens	2
ZOO in Naples	Gardens	2
ZOOB	Lamb Project	2
ZOOB	Project	2
ZOOBasaurus	creation	4
ZOOBasaurus	creations	4
ZOOBcycle	creation	4
ZOOBcycle	creations	4
ZOOM	NASDAQ	6
ZOOM	Zoom Technologies NASDAQ	6
ZOOMBOOK	Companies	2
ZOOOM	name	2
ZOOOM	names	2
ZOOTROPIC	partner	2
ZOOTROPIC	partners	2
ZOPA	approach	2
ZOPA	approaches	2
ZOPFAN	initial	6
ZOPFAN	initials	6
ZOPP	method	2
ZOPP	participatory methods	2
ZORA	GAMESS-UK	2
ZORA	UK	2
ZORA NEALE Publisher	Author	2
ZORA NEALE Publisher	WATCHING GOD Author	2
ZORN	blazing hot seats	2
ZORN	colleague	2
ZORN	colleagues	2
ZORN	hot seat	2
ZORO	artist	2
ZORO	artists	2
ZOTOB	Name	2
ZOTOB	Removal Name	2
ZOTOB	type worms	2
ZOTOB	worm	2
ZOTON may make	acid-reducing drugs	2
ZOTON may make	drug	2
ZOUCH	marriage	6
ZOUCH	marriages	6
ZOUERAT	AUTO RACING	2
ZOUERAT	RACING	2
ZOUERAT	Rallying	2
ZOX	act	2
ZOX	touring acts	2
ZOYD	approach	2
ZOYD	influence	2
ZOYD	musical approach	2
ZOYD	on minimalistic influences	2
ZOYD	period	2
ZOloft	SSRIs	2
