AG	52-Week Low	6
AG	Abdulhak's business connections	2
AG	Address	4
AG	Airline stocks	2
AG	Airlines	8
AG	Annual meetings	14
AG	Austria	2
AG	Austrian banks	10
AG	Austrian companies	2
AG	Authors	2
AG	Auto makers	12
AG	Automakers	8
AG	Automakers in Delaware	2
AG	Baden-Wuerttemberg state	2
AG	Banks	4
AG	Bavaria	2
AG	Bloomberg	2
AG	Boards	2
AG	Boston area	2
AG	Brascom	2
AG	Brazil	2
AG	Builder	2
AG	CS MSU	2
AG	Car Builder	2
AG	Carriers	2
AG	Chair	2
AG	Chairman	2
AG	Chemicals makers	2
AG	China	4
AG	Client	2
AG	Companies	22
AG	Comparable banks	2
AG	Conference Contact	2
AG	Consistency preservation Views	2
AG	Consortium	2
AG	Contact	12
AG	Correspondence re	2
AG	Daimler units	2
AG	December	2
AG	Delaware	2
AG	Distributor	2
AG	Druck	2
AG	Drugs	2
AG	D??pfner	2
AG	EU Consortium	2
AG	Enterprise Information System	2
AG	Europe	6
AG	Europe's top three telecommunications companies	2
AG	European	2
AG	European automakers	10
AG	European banks	2
AG	European builders	2
AG	European carmakers	6
AG	European carriers	2
AG	European companies	16
AG	European company producing PVC	2
AG	European dollar-earners	4
AG	European lines	2
AG	European rivals	14
AG	European semiconductor makers	4
AG	European steel firms	2
AG	European steelmakers	4
AG	European subsidiaries	4
AG	European telecommunication companies	2
AG	European telephone companies	2
AG	Exporters	24
AG	F MICHIGAN STOCKS	4
AG	February	4
AG	Financial sector shares	4
AG	Firms	2
AG	Foreign carriers	2
AG	Foreign makers	4
AG	Frankfurt	2
AG	Friday	2
AG	GERMANY	2
AG	GM	2
AG	GPS makers	2
AG	German automakers	6
AG	German banks	12
AG	German car companies	10
AG	German car makers	2
AG	German carmakers	2
AG	German companies	34
AG	German companies accused	4
AG	German exporters	4
AG	German firms	4
AG	German insurance companies	4
AG	German insurers	4
AG	German public banks	6
AG	German refrigerator makers	2
AG	German textile businesses	8
AG	Germany	2
AG	Germany automakers	6
AG	Germany's champions	4
AG	Germany's private banks	2
AG	Gestaltung und Druck	2
AG	Incumbent operators	2
AG	Information System	2
AG	Japanese market	4
AG	Knowledge modeling Views	2
AG	Last month	6
AG	Lens manufacturers	2
AG	Low	6
AG	Luxury auto makers	2
AG	MICHIGAN STOCKS	4
AG	MSU	2
AG	Machinery makers	18
AG	Manufacturer	4
AG	Matav	4
AG	Mathias D??pfner	2
AG	Mexico	2
AG	Mitsubishi group firms	2
AG	Modular knowledge bases Views	2
AG	Multinationals	2
AG	Munich	2
AG	Munich Re	2
AG	NEW BEETLE Manufacturer	2
AG	Net	50
AG	Neuger Frankfurt	2
AG	New York Stock Exchange	4
AG	Newer models	2
AG	OLD BEETLE Manufacturer	2
AG	PROPOSER	2
AG	PVC	2
AG	Parent company	2
AG	Perfumes	4
AG	Philippines	4
AG	Prime brokers	2
AG	Private banks	2
AG	Prod.	2
AG	Production	4
AG	REPORT	4
AG	Re	2
AG	Retailer shares	4
AG	Rhizoctonia solani	2
AG	Rivals	2
AG	Rupert Spiegelberg Stuttgart	2
AG	Ruse	2
AG	S-VHS VTRs	2
AG	SMART REPORT	4
AG	SME sector	2
AG	STOCKS	8
AG	Sara Marley Munich	2
AG	See	2
AG	Steelmakers	2
AG	Stock Exchange	4
AG	Stuttgart	2
AG	Supervisory Board Chairman	2
AG	Suzuki	2
AG	Swiss companies	4
AG	Swiss group	2
AG	Switzerland	6
AG	TKIs	2
AG	TV	2
AG	Three carmakers	4
AG	Transrapid consortium	4
AG	Tren Urbano	2
AG	Tyrphostins	2
AG	U.N. probe	4
AG	Urbano	2
AG	VTRs	2
AG	Venue	4
AG	Views	18
AG	Wallstreet	2
AG	Well-known companies	8
AG	Western European companies	2
AG	While drugmakers	12
AG	Zurich	2
AG	accused	4
AG	acquisition	2
AG	active ingredient in laxatives	2
AG	after leading automakers	2
AG	after scandals in businesses	4
AG	airline	8
AG	airlines	6
AG	alliance	4
AG	anastomosis groups	2
AG	antimicrobial agent	2
AG	antimicrobial agents	2
AG	application	2
AG	applications	2
AG	area	4
AG	assets	6
AG	attorney general	2
AG	attorneys general	2
AG	auto brand	4
AG	auto brands	4
AG	auto giants	2
AG	auto maker	8
AG	auto makers	4
AG	auto makers in Austria	2
AG	auto manufacturer	4
AG	automaker	78
AG	automakers	32
AG	automakers plan	2
AG	automaking	2
AG	automotive giants	4
AG	automotive manufacturers	2
AG	backer	2
AG	bank	98
AG	banks	30
AG	banks flush	6
AG	based CAD Views	2
AG	based companies	2
AG	been colle Views	2
AG	bid	2
AG	bids	2
AG	big name	10
AG	big names	10
AG	biotech companies	12
AG	biotech company	12
AG	biotechnology companies	2
AG	biotechnology company	2
AG	blockbuster	2
AG	blockbuster deals	4
AG	blockbusters	2
AG	blood	2
AG	blue-chip companies	14
AG	blue-chip customers	2
AG	boasting clients	2
AG	bond portfolios	4
AG	boosting exporters	2
AG	boosting financial stocks	2
AG	bottle	2
AG	brand	6
AG	broadcasting newcomers	2
AG	broker	2
AG	builder	2
AG	business	14
AG	business leader	2
AG	business leaders	2
AG	buyer	4
AG	capital	2
AG	car	2
AG	car companies	10
AG	car company	30
AG	car giants	24
AG	car maker	44
AG	car makers	40
AG	care	4
AG	carmaker	30
AG	carmakers	6
AG	carrier	32
AG	carriers	4
AG	carriers may	2
AG	cars	2
AG	case	6
AG	case in point	2
AG	chain	2
AG	chains	2
AG	champion	4
AG	change	2
AG	changes	2
AG	chemical companies	6
AG	chemical makers	14
AG	chemical shares	2
AG	child	2
AG	chip maker	2
AG	chip makers	2
AG	citizen	2
AG	client	20
AG	clients	8
AG	comarcal capitals	2
AG	combination	4
AG	companies	278
AG	companies supply flu vaccine	4
AG	company	486
AG	competitor	18
AG	competitors	14
AG	concern	4
AG	conglomerate	4
AG	connection	4
AG	consortium	12
AG	consortium in February	4
AG	constraint solving Views	2
AG	construction company	4
AG	consulting company	2
AG	continental retailers	2
AG	controller	2
AG	corporate citizens	2
AG	corporate customers	4
AG	corporate giants	18
AG	corporation	24
AG	corporations	14
AG	countries	2
AG	country	6
AG	cover	2
AG	creditor bank	4
AG	creditor banks	4
AG	customer	14
AG	customers	4
AG	deal	4
AG	dealer	4
AG	dealers	4
AG	degree	2
AG	denomination	2
AG	denominations	2
AG	derivative	2
AG	derivatives	2
AG	developing wind power	2
AG	diagnostic	2
AG	diagnostics giants	8
AG	digital TV	2
AG	do European manufacturers	2
AG	do luxury brands	2
AG	dollar hurt exporters	2
AG	domestic companies	2
AG	drug	8
AG	drug companies	14
AG	drug company	26
AG	drug firms	4
AG	drugmaker	16
AG	drugmakers	4
AG	drugs	2
AG	earner	4
AG	earnings rise	8
AG	editing controller	2
AG	education	2
AG	employer	4
AG	employers	4
AG	entitlement	2
AG	established auto makers in Europe	2
AG	established auto makers overseas	4
AG	established companies	2
AG	established drug companies	2
AG	exception	2
AG	existing shareholders	4
AG	exporter	60
AG	exporter shares	4
AG	exporters	48
AG	eye	2
AG	failed suitors	6
AG	favored growing drug companies	8
AG	favorite	6
AG	favorites	6
AG	few cases	2
AG	few exceptions	2
AG	financial companies	8
AG	financial firms	4
AG	financial institution	4
AG	financial institutions	4
AG	financial stocks	6
AG	firm	54
AG	firms	14
AG	five banks	8
AG	five music publishers	28
AG	flu drugs	2
AG	flu vaccine	4
AG	flush	6
AG	follow	2
AG	following letters	2
AG	follows	2
AG	force customers	2
AG	force cut	4
AG	foreign auto makers	2
AG	foreign auto makers in China	2
AG	foreign automaker	6
AG	foreign banks	8
AG	foreign car companies	2
AG	foreign companies	4
AG	foreign insurers	2
AG	foreign investor	4
AG	foreign investor in China	2
AG	foreign operators	2
AG	foreign rivals	6
AG	foreign stocks	2
AG	foreign suitors	2
AG	format	2
AG	former shareholders	4
AG	foundation	2
AG	foundations	2
AG	frustrated automakers	8
AG	game	8
AG	genomics	4
AG	giant	66
AG	giants	6
AG	global European financial players	6
AG	global alliances	4
AG	global automakers	2
AG	global brands	4
AG	global technology corporations	2
AG	globe	2
AG	golden shares	4
AG	group	14
AG	half dozen companies	4
AG	heavy row cover	2
AG	heavyweight	2
AG	heavyweights	2
AG	high-end rivals	4
AG	high-speed railway network	2
AG	holder	4
AG	holders	4
AG	hurt financial stocks	2
AG	incentive	2
AG	incentives	2
AG	incumbent operators	4
AG	independent companies	2
AG	independent software vendors	2
AG	individual clients	4
AG	industrial asset	2
AG	industrial assets	2
AG	industrial companies	30
AG	industrial concerns	4
AG	industrial firms	10
AG	industrial stocks	2
AG	industries	2
AG	industry	2
AG	industry giants	2
AG	institution	2
AG	institutions	2
AG	insurance company	4
AG	insurer	16
AG	insurers	8
AG	integrator	2
AG	international bank	2
AG	international banks	2
AG	international car companies	4
AG	international carriers	16
AG	international chemical groups	2
AG	international clients	6
AG	international companies	2
AG	international competitors	4
AG	international corporations	6
AG	international organisations	2
AG	international partners	2
AG	intravenous bisphosphonates drugs	2
AG	investigation	2
AG	investment bank	2
AG	investment banks	2
AG	investor	14
AG	investor's relation section	2
AG	is No Ruse	2
AG	issue	2
AG	key industry players	2
AG	kidney care	4
AG	label	4
AG	labels	4
AG	lag SMI stars	2
AG	language	2
AG	law	2
AG	laxative	2
AG	leading German businesses	2
AG	leading Swiss companies	4
AG	leading financial services companies	2
AG	leading manufacturers	2
AG	leading retailers	2
AG	letter	2
AG	lifting exporters	4
AG	line	2
AG	local media companies	4
AG	luxury automakers	2
AG	luxury carmakers	12
AG	luxury models	6
AG	make utilities	4
AG	maker	48
AG	manufacturer	34
AG	manufacturers	26
AG	market	6
AG	may	2
AG	may permit companies	2
AG	media company	4
AG	media organizations	2
AG	media powers	4
AG	medical consulting companies	2
AG	medical diagnostics	2
AG	member	4
AG	members	2
AG	mid-cap stocks	2
AG	model	10
AG	month	8
AG	multi-national companies	2
AG	multinational	2
AG	multinational conglomerates	2
AG	multinational corporation	2
AG	multinational corporations	2
AG	multinationals	2
AG	name	2
AG	name-brand companies	12
AG	names	2
AG	national airlines	2
AG	national carriers	2
AG	network	2
AG	network companies	2
AG	networking equipment makers	2
AG	new group	4
AG	new investor	2
AG	new models	2
AG	newcomer	2
AG	next two years	2
AG	niche suppliers	2
AG	nickel Address	2
AG	nonenergy assets	2
AG	on European rivals	2
AG	on German auto manufacturers	4
AG	one	4
AG	ones	4
AG	operator	14
AG	operators	6
AG	organisation	6
AG	organisation world wide	2
AG	organisations	4
AG	organization	2
AG	oriented firms	4
AG	original members	2
AG	outlet	2
AG	overseas	4
AG	overseas passenger-car maker	2
AG	parent	4
AG	particular companies	2
AG	parties	4
AG	partner	20
AG	partners	8
AG	party	4
AG	pharmaceutical companies	4
AG	pharmaceutical giant	2
AG	pharmaceutical giants	2
AG	pharmaceuticals companies	2
AG	place of employment	2
AG	places of employment	2
AG	plan	2
AG	plants in Brazil	2
AG	player	10
AG	point	2
AG	politics	4
AG	portfolio	6
AG	possibility	4
AG	possible partners	4
AG	potential buyers	2
AG	potential foreign investors	4
AG	potential partners	2
AG	potential rivals	2
AG	potential suitors	6
AG	power	6
AG	present	2
AG	private bank	4
AG	private banks	2
AG	private companies	4
AG	private company	4
AG	private firms	2
AG	probe	4
AG	produce reagent bottles	2
AG	product	6
AG	products	6
AG	project	2
AG	prominent corporations	2
AG	provider	8
AG	publisher	28
AG	re	2
AG	record label	2
AG	record labels	2
AG	region	2
AG	report	2
AG	retailer	22
AG	retailers	18
AG	rise	8
AG	rival	80
AG	rival construction companies	4
AG	rival construction firms	4
AG	rivals	52
AG	rivals in Europe	2
AG	said German banks	18
AG	said companies	2
AG	said telecommunication companies	6
AG	sale	10
AG	sales	10
AG	second consortium	2
AG	section	2
AG	sector	4
AG	see	2
AG	share	20
AG	shareholder	30
AG	shareholder in Matav	4
AG	shareholder in Suzuki	2
AG	shareholders	18
AG	shares	2
AG	shares financial stocks	2
AG	shopping chain outlets	2
AG	software companies	2
AG	software company	2
AG	software integrators	2
AG	software providers	6
AG	solani	2
AG	solution	2
AG	solutions	2
AG	specialist	2
AG	specialist companies	2
AG	specialists	2
AG	standout companies	4
AG	star	2
AG	state	4
AG	state bank	2
AG	state banks	2
AG	state investors	4
AG	state-run investors	8
AG	states	2
AG	steelmaker	8
AG	steelmakers	4
AG	stock	24
AG	strategic partners	4
AG	strong players	2
AG	subsidiary	4
AG	suitor	14
AG	supplier	12
AG	suppliers	10
AG	supplies companies	2
AG	supporting companies	2
AG	sycophant	2
AG	sycophants	2
AG	technology backers	2
AG	technology providers	2
AG	telecom firms	4
AG	telecommunications companies	2
AG	telecommunications company	6
AG	telephone company	2
AG	therapies	2
AG	therapy	2
AG	thriving assembly plants in Mexico	2
AG	time	4
AG	top selling drugs	2
AG	traditional European carriers	4
AG	transnational companies	2
AG	two rating companies	4
AG	type	2
AG	types	2
AG	unit	4
AG	units	2
AG	universal banks	2
AG	unstructured input Views	2
AG	utility	4
AG	vaccine market	2
AG	varying degrees	2
AG	vehicle manufacturer	2
AG	vehicle manufacturers	2
AG	vendor	12
AG	vendors	10
AG	weighted issues	2
AG	well-designed modern imperative languages	2
AG	well-known companies	2
AG	while companies	2
AG	wide	2
AG	wider combinations	4
AG	wireless carriers	2
AG	work force cuts	4
AG	world	4
AG	world's auto giants	2
AG	world's largest drug stocks	6
AG	world's largest media conglomerates	2
AG	world's major car companies	4
AG	world's top automakers	2
AG	year	2
AG Cameron	Labour notables	2
AG Cameron	notable	2
AG Communication Systems	companies	2
AG Communication Systems	company	2
AG Cremer	Nazmul Hossain Zimbabwe	2
AG Cremer	Zimbabwe	2
AG Cremer	bat	8
AG Extra	Akzidenz-Grotesk family	2
AG Extra	family	2
AG JAKARTA	Probe	2
AG JAKARTA	Soeharto's Guards Hamper Probe	2
AG Jeans	client	2
AG Jeans	clients	2
AG Kruger	Hammer	4
AG Kruger	Ian Waltz Hammer	4
AG Marson	References	2
AG Musik	organization	2
AG Musik	professional organizations	2
AG M??ller	deck	2
AG M??ller	decks	2
AG Shahapure	Gastric mucormycosis	2
AG Shahapure	mucormycosis	2
AG Silver	Leading ranges	2
AG Silver	range	2
AG Stegmann	South Africa	2
AG Telecom	Brascom	2
AG Weser	shipyard	2
AG Weser	shipyards	2
AG Zurich	bank	4
AG Zurich	conventional banks	4
AG drafts contracts	instrument	2
AG drafts contracts	instruments	2
AG's office	Jerry's side	2
AG's office	side	2
AG-3 salary	financial matters	2
AG-3 salary	matter	2
AG-Cat	brochure	2
AG-Cat	manufacturer's brochures	2
AG-TECH rat	RE	4
AG-TECH rat	Subject	2
AG-TECH rat	Sumover-tech RE	4
AG-TECH rat	uk Subject	2
AG2R	Columbia France	6
AG2R	France	22
AG2R	Liquigas France	2
AG2R	ProTour	2
AG2R	Saxo Bank France	2
AG2R	Slipstream France	2
AG2R	Vuelta ProTour	2
AG2R	Wildcards	2
AG2R La Mondiale	Monaco	2
AG2R Prevoyance	French	4
AG2R Pr??voyance	cyclist	2
AG2R Pr??voyance	professional cyclists	2
AG2R-La Mondiale	France	2
AG2R-La Mondiale	Liquigas France	2
AG2R-La Mondiale	Teams	2
AGA	Elo-flavor ratings	2
AGA	Internal-combustion	2
AGA	Waverider applications	2
AGA	application	2
AGA	body	2
AGA	brand	6
AGA	brand name	2
AGA	character	4
AGA	combustion	2
AGA	companies	2
AGA	company	4
AGA	established brand names	2
AGA	individual	2
AGA	industry bodies	2
AGA	international company	2
AGA	leading brands	6
AGA	medical-specialty society	6
AGA	rating	2
AGA	same individual	2
AGA	society	6
AGA	thing	2
AGA	time	2
AGA Hospital	care facility	2
AGA Hospital	great health care facilities	2
AGA chipset	Current Amiga technology	2
AGA chipset	technology	2
AGA cookers	kitchen range	2
AGA cookers	kitchen ranges	2
AGAB	objector	2
AGAB	objectors	2
AGADIR	Cup	2
AGADIR	Davis Cup	2
AGADIR	FM	2
AGADIR	French FM	2
AGADIR	GOLF	18
AGADIR	endangered whales	2
AGADIR	whale	2
AGAGES Management Consultants	Civil Society organisations	2
AGAGES Management Consultants	organisation	2
AGAMEMNON	play	2
AGAMEMNON	plays	2
AGANA	MAIN SPOT NEWS	30
AGANA	SPOT NEWS	30
AGANA	category codes	24
AGANA	code	24
AGAPE	Organization	4
AGASA show	Experiments	2
AGASEE	contact	2
AGASSI	AMERICANS	4
AGASSI	player	2
AGASSI	top players	2
AGATA will	gamma-ray spectrometers	2
AGATA will	spectrometer	2
AGAWAM	GOLF	2
AGAWAM	Paul Mulvey GOLF	2
AGAs	official	2
AGAs	relevant officials	2
AGB	Sources	2
AGB	identification code	2
AGB	identification codes	2
AGB	provider	2
AGB	would-be TV ratings providers	2
AGB McNair poll	prestigious polls	2
AGB Nielsen Korea	Sources	4
AGB Nielsen Media Research	Source	6
AGB Television Research	LEAD	2
AGB newsletter	free newsletters	2
AGB stars	stars	2
AGBIS	4-18 Co-Ed	4
AGBIS	Chairman	2
AGBIS	Ed	4
AGBIS	Professional affiliations	2
AGBIS	affiliation	2
AGBIS	association	2
AGBIS	body	2
AGBIS	group	2
AGBIS	professional groups	2
AGBIS	representative bodies	2
AGBIS	school associations	2
AGBK	company news	4
AGBK	news	4
AGBU	Armenian organizations in Canada	2
AGBU	Canada	2
AGBU Uruguay Chapter	religious institution	2
AGBU Uruguay Chapter	religious institutions	2
AGC	EQUITY MOVERS	4
AGC	LEM	2
AGC	MOVERS	4
AGC	Montenegro	2
AGC	Parameters	2
AGC	VST audio plug-ins	2
AGC	advanced feature set	2
AGC	financial group in Montenegro	2
AGC	function	2
AGC	functions	2
AGC	gold producer	4
AGC	plug-in	2
AGC	producer	4
AGC	set	2
AGC will	loud passages	2
AGC will	passage	2
AGCAGCAGC	motif	2
AGCAGCAGC	repeating motif	2
AGCAS	AGR members	2
AGCAS	Mailbases	2
AGCAS	bodies	2
AGCAS	body	4
AGCAS	career guidance bodies	2
AGCAS	member	2
AGCAS	organisation	2
AGCAS	partner	2
AGCAS	partners	2
AGCAS	relevant organisations	2
AGCAS CEO	group	2
AGCAS CEO	steering group	2
AGCAS Careers Information	careers service	2
AGCAS Careers Information	careers services	2
AGCAS Information Manager	Contact	2
AGCAS Link	network	2
AGCAS Link	useful email networks	2
AGCAS Signpost Sheets	Harrow campuses	2
AGCAS Signpost Sheets	campus	2
AGCAS buddies	Academy	2
AGCAS buddies	HE Academy	2
AGCAS careers information	careers service	2
AGCAS careers information	careers services	2
AGCAS member Jan	common	2
AGCAS produce booklets	material	2
AGCAS produce booklets	materials	2
AGCAS video	FURTHER INFORMATION	2
AGCAS video	INFORMATION	2
AGCC states	textile industry	2
AGCI	Chile	2
AGCO	brand	2
AGCO	brands	2
AGCO	company	2
AGCO	organisation	2
AGCO	organisations	2
AGCO	tractor companies	2
AGCO Massey Ferguson	leading manufacturing organisations	2
AGCO Massey Ferguson	organisation	2
AGCO makes tractors	farm equipment	4
AGCOs plunging	agricultural equipment stocks	2
AGCOs plunging	stock	2
AGCR type reactors	civilian reactors	2
AGCSI	organisation	2
AGCSI	relevant organisations	2
AGCare	further information	2
AGCare	information	2
AGD	ID codes	2
AGD	agriculture	8
AGD	code	6
AGD	kind	2
AGD	kinds	2
AGD	news	2
AGD	on agriculture	8
AGD	racer	2
AGD	restaurant	2
AGD	restaurants	2
AGD	see NI codes	4
AGD	soft commodity news	2
AGD Interactive chose	developer	2
AGD Interactive chose	fan developers	2
AGE	ANTITRUST DILEMMA	4
AGE	Adds	4
AGE	Albums	2
AGE	CANADIAN EQUITY MOVERS	2
AGE	Census	4
AGE	DILEMMA	4
AGE	Examples	4
AGE	GENERATIONS	2
AGE	HOMETOWN	20
AGE	JOB	2
AGE	KP	2
AGE	LEAD	2
AGE	Lynn JOB	2
AGE	MOVERS	2
AGE	NAME	6
AGE	NGOs	2
AGE	PITCHER	2
AGE	POSSIBLE PITCHER	2
AGE	REDUX	2
AGE	SEE	2
AGE	STEELY DAN REDUX	2
AGE	TEODORO PETKOFF TITLE	4
AGE	TITLE	4
AGE	UNIVERSE	2
AGE	Y box	2
AGE	anime series	2
AGE	box	2
AGE	high-profile NGOs	2
AGE	series	2
AGE	story	2
AGE	structure	2
AGE	use	2
AGE CORNELIUS	ADVANTAGE	2
AGE US	company news	4
AGE US	news	4
AGE crosslink breakers	antihypertensive classes	2
AGE crosslink breakers	class	2
AGE-INTRO	Adds	2
AGE-MAIN	Adds	2
AGEFE	Portugal	2
AGEH	charities	2
AGEH	charity	2
AGEIA	startup	4
AGEIA	startups	4
AGEISM	form	2
AGEN	feature	2
AGEN	following features	2
AGENCIES	ADVERTISING COLUMN	4
AGENCIES	COLUMN	4
AGENCIES ANNAN	PLANNED VISIT TO ZIMBABWE	2
AGENCIES ANNAN	ZIMBABWE	2
AGENCY	Company	2
AGENCY	EDUCATION	2
AGENCY	EMOTIONAL EDUCATION	2
AGENCY	PERIPHERY	2
AGENCY	Post	2
AGENCY	TOP STORIES	4
AGENCY	uk Post	2
AGENCY Taipei	OPPORTUNITIES	2
AGENCY Taipei	PHYSICIANS' DATING OPPORTUNITIES	2
AGENDA	ACTION RESEARCH	2
AGENDA	ANALYSIS	2
AGENDA	Adds	2
AGENDA	LOCATION	2
AGENDA	News Service NEWS ANALYSIS	2
AGENDA	RESEARCH	2
AGENT	August	2
AGENT	agent programming languages	2
AGENT	environment	2
AGENT	multi-agent programming environments	2
AGENT	programming languages	2
AGENT CRANE	AGENTS	2
AGENT CRANE	DOGGETT's AGENTS	2
AGENT Taipei	TAIWAN	2
AGENT Taipei	VISITING TAIWAN	2
AGENT functionality	Generaliser product	2
AGENT functionality	product	2
AGENTS	BIG-SCREEN PLOT	2
AGENTS	BRANCHES	4
AGENTS	Building Societies Association BRANCHES	4
AGENTS	DEAD	8
AGENTS	LEAVES FIVE DEAD	8
AGENTS	LICENSORS	4
AGENTS	PLOT	2
AGENTS	REPRESENTATIVES	2
AGENTS	RESPECTIVE SERVICE PROVIDERS AND LICENSORS	4
AGENTS	SEMANTICS	2
AGENTS	SUPPLIERS	8
AGENTS	page WEB SEMANTICS	2
AGENTS	tomorrow	2
AGENTS	will move tomorrow	2
AGENTS HIT	GOOD NEIGHBORS	2
AGENTS HIT	NEIGHBORS	2
AGEPUK	given a mnemonic	2
AGEPUK	mnemonic	2
AGER	suffix	2
AGES	CHILDREN	2
AGEs	molecule	2
AGEs	molecules	2
AGF	CANADIAN EQUITY MOVERS	6
AGF	Danish Superliga	2
AGF	French companies	4
AGF	Joystick	14
AGF	MOVERS	6
AGF	Molnar	2
AGF	Reserve	4
AGF	Superliga	2
AGF	Thursday	2
AGF	bank	4
AGF	buying Molnar	2
AGF	companies	2
AGF	company	8
AGF	giant	2
AGF	industry giants	2
AGF	institutional shareholders	6
AGF	leading winners	2
AGF	mutual fund company	2
AGF	on Thursday	2
AGF	shareholder	8
AGF	shareholders	2
AGF	winner	2
AGF Aarhus	Aarhus	4
AGF Gilbert Factor	Joystick	2
AGF Group	Sophia's main shareholders	2
AGF Group	shareholder	2
AGF II Gilbert	Joystick	2
AGF Management	company	2
AGF Management	investor	2
AGF Management	investors	2
AGF Management	mutual fund companies	2
AGF Management	shareholder	2
AGF Management	shareholders	2
AGF bonds	management	4
AGF bonds	under management	4
AGF ??rhus	Atletion	2
AGF ??rhus	home ground in Atletion	2
AGF-Allianz EurOpen de Lyon	EUROPEAN CHALLENGE TOUR	2
AGF-Allianz EurOpen de Lyon	TOUR	2
AGF-Allianz Open de Toulouse	EUROPEAN CHALLENGE TOUR	2
AGF-Allianz Open de Toulouse	TOUR	2
AGFA	manufacturer	2
AGFA	manufacturers	2
AGFA CL	Cameras	2
AGFA Monotype	partner	12
AGFA Monotype	partners	12
AGFB	Euronext	2
AGFL Grammar Work	keyword	2
AGFUND	international bodies	2
AGFUND	international body	2
AGG	ASX	2
AGGIES	Adds	4
AGGIES-INJURY	Adds	2
AGGREGATE	analytic query operations	2
AGGREGATE	operation	2
AGGRESSIVE TAX CUTS	AGENDA	20
AGGRESSIVE TAX CUTS	BUSH AGENDA	20
AGGY	ICAO code	2
AGGY	code	2
AGH	Systematic review	2
AGH	review	2
AGH Kessels	Reference	2
AGH University	Chairman	2
AGH University	Image Processing Chairman	2
AGH University	new universities	2
AGH University	school	2
AGH University	schools	2
AGH University	university	2
AGHYARAN GAA	following premises	2
AGHYARAN GAA	premise	2
AGI	big-hitters	2
AGI	category	2
AGI	discipline	2
AGI	disciplines	2
AGI	following categories	2
AGI	hitter	2
AGI Dictionary	GIS Resources	2
AGI Dictionary	Resources	2
AGI Media Packaging	UK	16
AGI US	story	2
AGI's Gun Barrel Bore Gauge	instrument	2
AGI's Gun Barrel Bore Gauge	precision instrument	2
AGICOA	collecting societies	2
AGICOA	society	2
AGIF	Images	2
AGIF	denomination	2
AGIF	incorporated denominations	2
AGIL paradigm	sociological theories	2
AGIL paradigm	theory	2
AGILE Data analysis	iterative development methodologies	2
AGILE Data analysis	methodology	2
AGING	BARS	4
AGING-ROCKERS-REVIEW	add	4
AGING-ROCKERS-REVIEW	final budget adds	4
AGIP	Kazakhstan	4
AGIP	computer companies	2
AGIP	computer company	2
AGIP	crown jewel	2
AGIP	industry 's crown jewels	2
AGIP	produce in Kazakhstan	4
AGIP Oil	existing shareholders	4
AGIP Oil	shareholder	4
AGIP gas pipeline	private works	2
AGIP gas pipeline	work	2
AGIP in Italy	map	2
AGIP in Italy	on maps	2
AGIR	Advocacy groups	2
AGIR	Youth Advocacy groups	2
AGITATOR	ARTO LINDSAY	6
AGITATOR	E ARTO LINDSAY	2
AGITATOR	LINDSAY	8
AGITG	companies	2
AGITG	company	2
AGIs	class	2
AGIs	new classes	2
AGK	Malpura	2
AGL	Analysts say companies	2
AGL	NZ EQUITY PREVIEW	4
AGL	PREVIEW	4
AGL	client	2
AGL	clients	2
AGL	company	2
AGL	gain	2
AGL	interest in renewable energy	2
AGL	made gains	2
AGL	new retailers	2
AGL	population	2
AGL	private sector retailers	2
AGL	renewable energy	2
AGL	retailer	6
AGL	through retailers	2
AGL	utilities	2
AGL	utility	2
AGL Action Rescue	provider	2
AGL Action Rescue	providers	2
AGL Energy	Australian gas	2
AGL Energy	Wednesday	2
AGL Energy	gas	2
AGL Energy	retailer	2
AGL Energy	retailers	2
AGL RESOURCES	EQUITY PREVIEW	4
AGL RESOURCES	PREVIEW	4
AGLA	say	2
AGLA	saying	2
AGLU	studies	2
AGLU	study	2
AGLV	area	2
AGLV	sensitive areas	2
AGLVs	area	2
AGLVs	designated areas	2
AGM	ACTION	2
AGM	AGT business	2
AGM	ARM programs	2
AGM	ASGC	2
AGM	Ampleforth Weekend	2
AGM	Annual Conference	2
AGM	Annual NPC Conference	4
AGM	Apologies	2
AGM	BCSS events	2
AGM	Brighton	2
AGM	Chamber	2
AGM	Conference	6
AGM	DAY	4
AGM	Day	2
AGM	Events	2
AGM	February	4
AGM	GTOA events	2
AGM	General Meeting	4
AGM	General Meetings	2
AGM	General meetings	2
AGM	Hard of Hearing clubs	2
AGM	IACR Rothamsted	2
AGM	Institute Day	2
AGM	Interdisciplinary Perspectives	2
AGM	Jan	2
AGM	June	2
AGM	Keeping	4
AGM	Kelly Hogan Apologies	2
AGM	Leeds	2
AGM	Lipspeakers	2
AGM	March	4
AGM	NWN event	2
AGM	OLD BOYS' DAY	4
AGM	PCT Scotland events	2
AGM	People	2
AGM	Perspectives	2
AGM	Re	2
AGM	Record Keeping	4
AGM	Reps	2
AGM	Rider DCA Reps	2
AGM	Rothamsted	2
AGM	Sections hold events	2
AGM	See	2
AGM	September	8
AGM	Society issues	2
AGM	Supporters Trust meetings	2
AGM	Type	2
AGM	WECH meeting	2
AGM	Weekend	2
AGM	ad hoc events	2
AGM	airport conferences	2
AGM	anemone	2
AGM	anti radiation missiles	2
AGM	armament configurations	2
AGM	bland Spring flowering anemones	2
AGM	bodies	2
AGM	body	2
AGM	business	2
AGM	business meeting	2
AGM	club	2
AGM	come	2
AGM	committee meeting	2
AGM	committee meetings	2
AGM	company General Meetings	2
AGM	conference	4
AGM	conferences	2
AGM	configuration	2
AGM	delivery system	2
AGM	delivery systems	2
AGM	democratic meetings	2
AGM	event	22
AGM	events	4
AGM	extended time	2
AGM	face' meetings a year	2
AGM	field	2
AGM	fields	2
AGM	formal Board meetings	2
AGM	function	2
AGM	functions	2
AGM	gentle reminder	2
AGM	hold quarterly meetings	2
AGM	holds quarterly business meetings	2
AGM	host events	2
AGM	indoor meetings	2
AGM	involvement in events	2
AGM	issue	4
AGM	item	2
AGM	items	2
AGM	meeting	34
AGM	meetings	10
AGM	member	2
AGM	members	2
AGM	members' events	2
AGM	missile	2
AGM	organising meetings	2
AGM	organization	2
AGM	page	2
AGM	place	4
AGM	program	2
AGM	public event coming	2
AGM	rd June	2
AGM	reminder	2
AGM	shareholder	6
AGM	social event	2
AGM	system	2
AGM	systems	2
AGM	tag	2
AGM	technorati tags	2
AGM	thing	2
AGM	things	2
AGM	through social events	2
AGM	time	6
AGM	times	4
AGM	top	2
AGM	trade meetings	4
AGM	year	26
AGM Flyer	information	2
AGM Minutes	CCC Records	2
AGM Minutes	Records	2
AGM Venue	Annual Professional Development Event	2
AGM Venue	Event	2
AGM Weekend View	Category	4
AGM agenda	report	2
AGM agenda	s reports	2
AGM details	administrative information	6
AGM details	information	6
AGM how	event	2
AGM how	events	2
AGM in November	Full-day ordinary meeting	4
AGM in November	meeting	4
AGM minutes	BKA	2
AGM minutes	document	6
AGM minutes	documents	6
AGM notices	communication	4
AGM notices	necessary communications	4
AGM papers can	Region	2
AGM roundup	feature	2
AGM roundup	features	2
AGM sponsorships	source	2
AGM sponsorships	sources	2
AGM-114 Hellfire	bomb	2
AGM-114 Hellfire	bombing	2
AGM-114 Hellfire	missile	4
AGM-114 Hellfire	missiles	2
AGM-114 Hellfire	potent anti-armor missiles	2
AGM-114 Hellfire missiles	weapon	2
AGM-114 Hellfire missiles	weapons	2
AGM-12 Bullpup	New weapons	4
AGM-12 Bullpup	weapon	6
AGM-12 Bullpup	weapons	2
AGM-129 cruise missile	equipment	2
AGM-129 cruise missile	military equipment	2
AGM-130 missile	weapon	10
AGM-130 missile	weapons	10
AGM-154 Joint Standoff Weapon	aircraft	2
AGM-154C Joint Standoff	weapon	8
AGM-154C Joint Standoff	weapons	8
AGM-45 Shrike	ARMs	2
AGM-45 Shrike	Early ARMs	2
AGM-45 Shrike	New weapons	4
AGM-45 Shrike	weapon	4
AGM-62 Walleye	weapon	2
AGM-62 Walleye	weapons	2
AGM-62 Walleye missiles	bridge	2
AGM-62 Walleyes	guided munitions	2
AGM-62 Walleyes	munition	2
AGM-65 Maverick	Air-to-ground	2
AGM-65 Maverick	air missiles	2
AGM-65 Maverick	air-to-ground missiles	4
AGM-65 Maverick	anti-tank ordnance	2
AGM-65 Maverick	ground	2
AGM-65 Maverick	guided weapons	2
AGM-65 Maverick	military missile systems	2
AGM-65 Maverick	missile	6
AGM-65 Maverick	ordnance	2
AGM-65 Maverick	system	2
AGM-65 Maverick	weapon	2
AGM-65 Maverick missile	equipment	2
AGM-65 Maverick missile	state of the art equipment	2
AGM-65 Mavericks	guided munitions	2
AGM-65 Mavericks	munition	2
AGM-65G Maverick	similar weapons	2
AGM-65G Maverick	weapon	2
AGM-69 SRAM	military missile systems	2
AGM-69 SRAM	system	2
AGM-84 Harpoon	armament configurations	2
AGM-84 Harpoon	configuration	2
AGM-84 Standoff Land Attack	event	2
AGM-84 Standoff Land Attack	events	2
AGM-84E SLAM	armament configurations	2
AGM-84E SLAM	configuration	2
AGM-84E SLAMs	guided munitions	2
AGM-84E SLAMs	munition	2
AGM-84K SLAM	Weapons	2
AGM-88 HARM	ARMs	2
AGM-88 HARM	aircraft	2
AGM-88 HARM	carrying ARMs	2
AGM-88 HARM	guided munitions	2
AGM-88 HARM	manned aircraft	2
AGM-88 HARM	military missile systems	2
AGM-88 HARM	munition	2
AGM-88 HARM	ordnance	2
AGM-88 HARM	system	2
AGM-88 HARM missile	advanced missiles	2
AGM-Conference	venture	2
AGM-Conference	ventures	2
AGMA	Standards	2
AGMA	monies	2
AGMA	public monies	2
AGMF	Australian music festivals	2
AGMF	festival	2
AGMIF	EQUITY MOVERS	6
AGMIF	MOVERS	6
AGMN	year	2
AGMitch	Fast Team	4
AGMitch	Team	4
AGMs	BATOD events	2
AGMs	Club events	2
AGMs	SF Foundation event	2
AGMs	activities	2
AGMs	activity	2
AGMs	context	2
AGMs	contexts	2
AGMs	corporate environment	2
AGMs	corporate requirements	2
AGMs	due	2
AGMs	environment	2
AGMs	event	16
AGMs	events	8
AGMs	full Governors meetings	2
AGMs	function	4
AGMs	functions	4
AGMs	hosted events	2
AGMs	matter	2
AGMs	matters	2
AGMs	meeting	8
AGMs	meetings	6
AGMs	monitors tasks due	2
AGMs	requirement	2
AGMs	use	2
AGMs	uses	2
AGMs August	SF Foundation event	4
AGMs August	event	4
AGMs British SF	SF Foundation event	2
AGMs British SF	event	2
AGMs Submission	meeting	2
AGMs Submission	meetings	2
AGN	EQUITY PREVIEW	4
AGN	ID codes	2
AGN	Interests	2
AGN	PREVIEW	4
AGN	Primary Research Interests	2
AGN	area	2
AGN	code	2
AGN	component	2
AGN	components	2
AGN	event	2
AGN	explanation	2
AGN	interesting phenomena	2
AGN	phenomenon	2
AGN	point source	4
AGN	point sources	4
AGN	related systems	2
AGN	scientific areas	2
AGN	source	2
AGN	system	2
AGN	transient events	2
AGN	variable sources	2
AGN activity	phenomena	2
AGN activity	phenomenon	2
AGNES	Auckland Castle	2
AGNES	Castle	2
AGNI	journal	2
AGNI	journals	2
AGNI	literary journal	2
AGNI	magazine	2
AGNI	magazines	2
AGNI	notable literary journals	2
AGNSW	NSW	2
AGNVQs	national qualifications	2
AGNVQs	qualification	6
AGNVQs	qualifications	4
AGNs	astronomical sources	2
AGNs	bright galaxies	2
AGNs	galaxy	2
AGNs	source	2
AGOA	acronym	2
AGOA	agreement	2
AGOA	benefit package	2
AGOA	endless acronyms	2
AGOA	global level agreements	2
AGOA	initiative	4
AGOA	initiatives	2
AGOA	international market	2
AGOA	market	2
AGOA	trade benefit package	2
AGOA	trade initiatives	2
AGOA IV	external market opportunities	2
AGOA IV	market opportunity	2
AGOA amendments	package	2
AGOA amendments	trade package	2
AGOGOS	indigenous instruments	4
AGOGOS	instrument	4
AGON Sportverlag	Kassel	2
AGONY	ANALYSIS	8
AGONY	COMMENTARY	4
AGONY	New York Times News Service ANALYSIS	2
AGONY	SPORTS COLUMN	2
AGONY	U F ANALYSIS	2
AGORA	area	2
AGORA	developing country	2
AGORA	development project	2
AGORA	existing schemes	2
AGORA	hybrid library development projects	2
AGORA	laudable schemes	4
AGORA	readers in developing countries	2
AGORA	scheme	6
AGORA	system	2
AGORA	systems	2
AGORA	top Berck area	2
AGORA need	based programs	2
AGORA need	program	2
AGOSCI in Focus	publication	2
AGOSCI in Focus	publications	2
AGOURON	EQUITY PREVIEW	4
AGOURON	PREVIEW	4
AGOVV Apeldoorn	Division East	2
AGOVV Apeldoorn	Divisions	2
AGOVV Apeldoorn	East	2
AGOVV Apeldoorn	division	2
AGOVV Apeldoorn	divisions	2
AGOWA	Germany	2
AGOWA	acquisitions in Germany	2
AGP	Features	2
AGP	ID codes	2
AGP	Motherboard information	2
AGP	Motherboard interface	2
AGP	Report	2
AGP	based video cards	2
AGP	bus	2
AGP	chipset drivers	2
AGP	code	2
AGP	computer 's graphics slot	2
AGP	computer's graphics slot	2
AGP	country	2
AGP	driver	2
AGP	expansion slot	6
AGP	expansion slots	2
AGP	feature	2
AGP	features	2
AGP	features standard	2
AGP	fell swoop	2
AGP	functionality	2
AGP	implementation	4
AGP	information	2
AGP	interface	2
AGP	operating frequency regions	2
AGP	page	2
AGP	pages	2
AGP	party	2
AGP	primary expansion buses	2
AGP	region	2
AGP	regional parties	2
AGP	simple	2
AGP	slot	6
AGP	slots	2
AGP	specific functionality	2
AGP	standard	2
AGP	swoop	2
AGP	tax code look simple	2
AGP	video card	2
AGP	x implementation	4
AGP Fellowship Accreditation	APA	2
AGP Turbo mode	setting	2
AGP Turbo mode	settings	2
AGP cards	peripheral cards	2
AGP driver	motherboard	2
AGP driver	update	4
AGP driver	updates	4
AGP driver files	motherboard update files	2
AGP expansion slots	connection options	2
AGP expansion slots	option	2
AGP implementation	generation	2
AGP implementation	prior product generations	2
AGP in Assam	group	2
AGP in Assam	motley groups	2
AGP master wait	BIOS setup program	2
AGP master wait	setup program	2
AGP slot	Expansion	4
AGP slot	modem Expansion	4
AGP vs	boards will encounter	2
AGP vs	encounter	2
AGPA	national therapy organizations	2
AGPA	organization	2
AGPW International Heavyweight	title	2
AGPW International Heavyweight	titles	2
AGQ	IATA code	2
AGQ	code	2
AGR	Internal-combustion	2
AGR	NI codes	2
AGR	See story	2
AGR	agriculture	8
AGR	code	16
AGR	combustion	2
AGR	conference	2
AGR	contractile properties	2
AGR	industry news	4
AGR	international treaties	2
AGR	international treaty	2
AGR	news	6
AGR	on agriculture	8
AGR	property	2
AGR	reactor	4
AGR	reactors	4
AGR	see NI codes	14
AGR	sign	2
AGR	signs	2
AGR	soft commodity news	2
AGR	stakeholder	2
AGR	stakeholders	2
AGR	story	2
AGR moderator graphite	control grades	2
AGR moderator graphite	grade	2
AGR pick Erika	veteran	2
AGR pick Erika	veterans	2
AGR power reactors	reactors	2
AGRA	CANADIAN EQUITY MOVERS	2
AGRA	CANADIAN EQUITY PREVIEW	6
AGRA	Failure	2
AGRA	India	4
AGRA	MOVERS	2
AGRA	PREVIEW	6
AGRA	Roundup	2
AGRA	Thailand	2
AGRA	fire in India	2
AGRA	year in India	2
AGRA might end	bodies	2
AGRA might end	body	2
AGRA sign	Africa Writethru	2
AGRA sign	Writethru	8
AGRA sign	nd LD Writethru	2
AGRA sign	st LD Writethru	2
AGRE	project	2
AGRE	through projects	2
AGREEMENT	COMMENTARY	4
AGREEMENT	FLASH	14
AGREEMENT	R K COMMENTARY	2
AGREEMENT	SHOULDER-FIRED MISSILES FLASH	2
AGREEMENT	Smith	2
AGREEMENT	TEXTILE TRADE DISPUTE FLASH	2
AGREEMENT	Tony Smith	2
AGREEMENT	phone FLASH	2
AGREEMENTS	MECHANISMS	2
AGREEMENTS	SUITABLE MECHANISMS	2
AGRESSO	system	2
AGRESSO	systems	2
AGRIBIOTECH	EQUITY MOVERS	4
AGRIBIOTECH	EQUITY PREVIEW	4
AGRIBIOTECH	MOVERS	4
AGRIBIOTECH	PREVIEW	4
AGRIBMPWATER	workshop	2
AGRICOM Project	current European research projects	2
AGRICOM Project	research project	2
AGRICULTURAL EXPERTS Tainan	PINEAPPLES	2
AGRICULTURAL EXPERTS Tainan	SAVOR TAIWAN PINEAPPLES	2
AGRICULTURAL LAND	CONSIDERATIONS	2
AGRICULTURAL LAND	PLANNING CONSIDERATIONS	2
AGRICULTURAL OFFICIALS Taipei	CLEAN	2
AGRICULTURAL OFFICIALS Taipei	FISHERY WATER CLEAN	2
AGRICULTURAL OR FARM BUILDINGS	COUNTRYSIDE	2
AGRICULTURAL OR FARM BUILDINGS	OPEN COUNTRYSIDE	2
AGRICULTURAL RECEIVERSHIP	article keywords	2
AGRICULTURAL RECEIVERSHIP	keyword	2
AGRICULTURE	APPROPRIATE DEVELOPMENT	4
AGRICULTURE	DEVELOPMENT	4
AGRICULTURE	INTERESTS	2
AGRICULTURE	Installation	2
AGRICULTURE	PRODUCTIVE USES Installation	2
AGRICULTURE	follow	4
AGRICULTURE	follows	4
AGRICULTURE CHIEF Taipei	AUGUST	2
AGRICULTURE HEAD Taipei	SUFFICIENT COMMODITIES SUPPLIES	2
AGRICULTURE HEAD Taipei	SUPPLIES	2
AGRICULTURE-TEXAS	update	4
AGRICULTURE-TEXAS	updates	4
AGRIGENTO	CYCLING	2
AGRIS	international systems	2
AGRIS	system	2
AGRIUM	CANADIAN EQUITY MOVERS	8
AGRIUM	MOVERS	8
AGRIUM PHOSPHATE MINE	ELUVIAL SEDIMENTS	2
AGRIUM PHOSPHATE MINE	SEDIMENTS	2
AGROVOC	public domain	2
AGROVOC	thesauri	2
AGROVOC	thesaurus	2
AGROart Festival	festival	2
AGROart Festival	presents two festivals	2
AGS	Eds	2
AGS	NATO programmes	2
AGS	beginning	2
AGS	budget	2
AGS	budgets	2
AGS	current task force	2
AGS	goat registries	2
AGS	industry representative	2
AGS	programme	2
AGS	registry	2
AGS	representative	2
AGS	task force	2
AGS Accountants	even	2
AGS Accountants	evening	2
AGS Bowman Expeditions	Spreading Human Terrain System	2
AGS Bowman Expeditions	System	2
AGS Centre	seed	2
AGS Centre	seeds	2
AGS Soul Band	band	2
AGS Soul Band	bands	2
AGS in order	project	2
AGS in order	projects	2
AGSA	Style	2
AGSA	th Century Style	2
AGSD	dog	2
AGSD	pure breed dogs	2
AGSM top MBA	Australian	2
AGT	legendary moves	2
AGT	move	2
AGTIVE	Industrial Relevance	2
AGTIVE	Relevance	2
AGTR	gene	2
AGTR	key candidate genes	2
AGU	CANADIAN EQUITY MOVERS	4
AGU	CANADIAN EQUITY PREVIEW	2
AGU	MOVERS	4
AGU	PREVIEW	2
AGU	Resource type	2
AGU	Wider core	2
AGU	core	2
AGU	non-profit societies	2
AGU	society	2
AGU	type	2
AGUA PRIETA	FEATURES	2
AGUADA	PUERTO RICO	2
AGUAK	Philippine Maguindanao province	2
AGUAK	Philippine massacre probe	2
AGUAK	probe	2
AGUAK	province	2
AGUAK	surrender	2
AGUANGA	Caption	2
AGUASCALIENTES	MAIN SPOT NEWS	4
AGUASCALIENTES	SPOT NEWS	4
AGUASCALIENTES	category codes	4
AGUASCALIENTES	code	4
AGUASCALIENTES	recovery	2
AGUE	us	2
AGV	High-speed train	2
AGV	Specialised equipment	4
AGV	enterprise	2
AGV	equipment	4
AGV	load	2
AGV	power unit load	2
AGV	present-day enterprises	2
AGV	train	2
AGVs	on vehicles	2
AGVs	vehicle	2
AGW	issue	2
AGW	thing	2
AGW being	public gallery	2
AGWSR	school	2
AGWSR	schools	2
AGY Consultants Ltd	Address	2
AGadir	boom	2
AGadir	booming	2
AGadir	high	4
AGs	Local Politics	2
AGs	Politics	2
AGs	deal	2
AGs	deals	2
AGs	legal officials	2
AGs	official	2
AGuyOU	extension	2
AGuyOU	vbs extension	2
