IH	Action	8
IH	Apr Press contact	14
IH	Aug Press Contact	2
IH	Aug Press contact	6
IH	British brands	2
IH	CNH brands	2
IH	Case name	2
IH	Contact	18
IH	Dec Press contact	4
IH	Feb Contact	4
IH	Feb Press contact	10
IH	Greek letters	2
IH	Jan Press Contact	2
IH	Jan Press contact	18
IH	Jun Press Contact	4
IH	Jun Press contact	14
IH	June Press Contact	2
IH	Mar Press contact	18
IH	May Contact	2
IH	May Press	4
IH	May Press contact	10
IH	Nov Press contact	10
IH	Oct Press contact	4
IH	Press	4
IH	Press Contact	2
IH	Press contact	6
IH	Sep Press contact	10
IH	body	2
IH	brand	4
IH	contact	124
IH	following professional bodies	2
IH	letter	2
IH	name	2
IH Romaine	bat	2
IHA	Relay	2
IHA	Year	2
IHA's Aileen Daniels	floor	2
IHA's technology	service	4
IHA's technology	services	4
IHARA CHEMICAL	JAPAN EQUITY MOVERS	2
IHARA CHEMICAL	MOVERS	2
IHAS	conference	2
IHAS	conferences	2
IHBC	body	2
IHBC	following qualifications	2
IHBC	group	2
IHBC	local authority bodies	2
IHBC	qualification	2
IHBC	regional professional groups	2
IHBC	set standards	2
IHBC	sponsor	2
IHBC	sponsors	2
IHBC	standard	2
IHBLRIA	anti-patterns	2
IHBLRIA	pattern	2
IHBR Beech Road	Property Ref	2
IHBR Beech Road	Ref	2
IHC	ancillary tests	2
IHC	immunostaining methods	2
IHC	method	2
IHC	sector	2
IHC	test	2
IHC	voluntary sector	2
IHCAR	Stockholm	2
IHCD Paramedic Qualification	London Qualifications	2
IHCD Paramedic Qualification	Qualifications	4
IHCS	Islam Pizuhi	2
IHCS	Pizuhi	2
IHD	illness	4
IHD	illnesses	4
IHDI	Measures	2
IHE	standard	2
IHE	standards	2
IHE Cross Enterprise	industry	2
IHE Patient Information	case	2
IHE Patient Information	use cases	2
IHEC	government	2
IHEC	host governments	2
IHEO	body	2
IHEO	national training bodies	2
IHEP UP School	Schools	2
IHES Paris	Universities	2
IHEU	individual	2
IHEU	individuals	2
IHF	Net	4
IHF	governmental human rights watchdogs	2
IHF	watchdog	2
IHF Executive Director	further information	2
IHF Executive Director	information	2
IHF Super Globe	Ciudad Real	2
IHG	LON	2
IHH	flotilla participants	2
IHH	flotilla's organizers	2
IHH	mission	4
IHH	organizer	2
IHH	participant	2
IHH Humanitarian Relief	Charity organizations	2
IHH Humanitarian Relief	Turkish Charity organizations	2
IHH movement	group	2
IHH movement	groups	2
IHI	maker	2
IHI	shareholder	2
IHI	top five aircraft makers	2
IHI	world leader	2
IHI	world leaders	2
IHI Corp	companies	2
IHI Corp	company	2
IHI Corporation	Japanese companies	2
IHI Corporation	company	2
IHI Corporation	partner	2
IHI Corporation	partners	2
IHI hotels	hotels	2
IHIE	institution	2
IHIE	sized institutions	2
IHIE briefing note	target	2
IHIE briefing note	targets	2
IHL	law	2
IHL	league	8
IHL	leagues	2
IHL	minor league	2
IHL	minor leagues	2
IHL	on topics	2
IHL	professional leagues	2
IHL	topics	2
IHL Moose	course	2
IHL team	North America	2
IHL team	travels in North America	2
IHM	UK professional body	10
IHM	association	2
IHM	body	14
IHM	dynamic professional bodies	2
IHM	established professional associations	2
IHM	professional body	2
IHMC	program	2
IHMC	through programs	2
IHO	following international groups	2
IHO	group	2
IHO	minority newspapers	2
IHO	newspaper	2
IHO	publication	2
IHO	specification	2
IHO	specifications	2
IHO NEW DELHI	Bomb	2
IHO NEW DELHI	on AIDS Bomb	2
IHOP	Family-style restaurants	2
IHOP	United States	2
IHOP	Wal-Mart shopping center	2
IHOP	brand	2
IHOP	business	4
IHOP	businesses	4
IHOP	chain	8
IHOP	chains	6
IHOP	company	6
IHOP	family restaurant	2
IHOP	international brands	2
IHOP	national chain	2
IHOP	place	2
IHOP	places	2
IHOP	restaurant	6
IHOP	restaurant companies	4
IHOP	restaurants	4
IHOP	shopping center	2
IHOP pancake chain	United States	2
IHOPS	compliant system elements	2
IHOPS	element	2
IHPBA	Liver Transplantation	2
IHPBA	Transplantation	2
IHQ Commissioners	guests present	2
IHQ Commissioners	present	2
IHQ Relationships Commissioner	guest	2
IHQ Relationships Commissioner	illustrious guests	2
IHR	Discussant	2
IHR	European Holocaust-denial groups	2
IHR	group	2
IHR	health provider	2
IHR	meeting place	2
IHR	mental health providers	2
IHR	place	2
IHR Time	Lindsay Rudge Venue	2
IHR Time	Venue	4
IHR speaker ring	bespoke equipment	2
IHR speaker ring	equipment	2
IHR's History in Focus	package	4
IHR's History in Focus	teaching packages	4
IHR-Info	funded gateways	2
IHR-Info	gateway	2
IHR-Info	server	2
IHR-Info	servers	2
IHRA	organisation	2
IHRA	organisations	2
IHRA	suit	2
IHRA Amalie Oil	year	2
IHRC	Address	2
IHRC	Muslim monitoring groups	2
IHRC	NGOs	2
IHRC	group	2
IHRC	html Address	2
IHRC DATE	ORGANISER	2
IHRC DATE	org ORGANISER	2
IHRC comment	IHRC	2
IHRC comment	outside IHRC	2
IHRC's annual newsletter	IHRC website	2
IHRC's annual newsletter	website	2
IHRD	Member	2
IHRD	organisation	2
IHRD	organisations	2
IHRIM	body	2
IHRIM	professional bodies	2
IHS	Earnings reports	2
IHS	christograms	2
IHS	report	2
IHS Cambridge Energy	year	2
IHS Christogram	right	2
IHS Global Insight	Firms	2
IHS Global Insight	Source	4
IHS Global Insight	economy	4
IHS Global Insight	financial obligation	2
IHS Global Insight	financial obligations	2
IHS Global Insight	firm	2
IHS Global Insight	macroeconomic firms	2
IHS Global Insight leading	indicator	4
IHS Global Insight leading	leading indicators	4
IHS Jane	IHS	2
IHS Jane	under IHS	2
IHS classmate Ian	volunteer	2
IHS classmate Ian	volunteers	2
IHS monogram referring	Christianity	2
IHS secretary	contact	2
IHS secretary	website Network contact	2
IHSA	com	2
IHSA Conferences	Sources	12
IHSA Coop Teams	Sources	12
IHSA Member Schools	Sources	12
IHSA equestrian team	sport	2
IHSA equestrian team	varsity sports	2
IHSA playoff games	event	2
IHSA playoff games	events	2
IHSAA state meet	meets	2
IHSM IM	Contact	2
IHSS	multiple programs	2
IHSS	program	2
IHSS	welfare fraud	2
IHT	Principles Business Taxation	2
IHT	Taxation	2
IHT	body	2
IHT	duty	6
IHT	high profile speakers	4
IHT	insidious taxes	2
IHT	media	6
IHT	opinion forming media	2
IHT	personal	2
IHT	personal tax planning	2
IHT	planning	2
IHT	professional bodies	2
IHT	proprietor	2
IHT	proprietors	2
IHT	speaker	4
IHT	tax	6
IHT	taxes	4
IHT	thing	2
IHT PARIS	on Mugabe victory	2
IHT PARIS	victory	2
IHT President	expertise	2
IHT President	high profile speakers	4
IHT President	speaker	4
IHT Statute	source	2
IHT Statute	sources	2
IHT developments	tax issue	2
IHT developments	tax issues	2
IHT mitigation	appeal	2
IHT planning	ation	2
IHT planning	financial services	2
IHT planning	private client tax ation	2
IHT planning	tax issue	2
IHT planning	tax issues	2
IHTT Abstract	Key Words	2
IHVs	companies	2
IHVs	company	2
IHVs	industry participants	2
IHVs	participant	2
IHeart Radio Contest	2013-Present	2
IHeart Radio Contest	Present	2
IHirepublishing	on job search engines	2
IHirepublishing	search engine	2
IHockey-NHL BADMINTON Sudirman Cup	Anaheim Slugs	2
IHockey-NHL BADMINTON Sudirman Cup	Slugs	2
IHockey-NHL afp	Slugs	2
IHockey-NHL afp	facing Dallas Slugs	2
IHockey-World afp	Slug	2
IHockey-World-FIN	Slugs	2
IHockey-World-FIN	facing Dallas Slugs	2
IHop Restaurants	commercial	2
IHop Restaurants	commercials	2
IHs	process	2
IHs	processes	2
IHttpHandler	SvgHandler	2
IHttpHandler	summary public class SvgHandler	2
